-- Adminer 4.8.1 MySQL 5.7.33 dump

SET NAMES utf8;
SET time_zone = '+00:00';
SET foreign_key_checks = 0;
SET sql_mode = 'NO_AUTO_VALUE_ON_ZERO';

DROP TABLE IF EXISTS `detail_pemeriksaan_bw`;
CREATE TABLE `detail_pemeriksaan_bw` (
  `detail_pemeriksaan_bw_id` int(11) NOT NULL AUTO_INCREMENT,
  `pemeriksaan_bw_id` int(11) unsigned NOT NULL,
  `soal_bw_id` int(11) NOT NULL,
  `jawaban` int(11) NOT NULL,
  `created_at` datetime NOT NULL ON UPDATE CURRENT_TIMESTAMP,
  `updated_at` datetime NOT NULL,
  `deleted_at` datetime DEFAULT NULL,
  PRIMARY KEY (`detail_pemeriksaan_bw_id`),
  KEY `pemeriksaan_bw_id` (`pemeriksaan_bw_id`),
  KEY `soal_bw_id` (`soal_bw_id`),
  CONSTRAINT `detail_pemeriksaan_bw_ibfk_1` FOREIGN KEY (`pemeriksaan_bw_id`) REFERENCES `pemeriksaan` (`pemeriksaan_id`) ON DELETE CASCADE,
  CONSTRAINT `detail_pemeriksaan_bw_ibfk_2` FOREIGN KEY (`soal_bw_id`) REFERENCES `soal_buta_warna` (`soal_buta_warna_id`) ON DELETE CASCADE
) ENGINE=InnoDB DEFAULT CHARSET=latin1;

INSERT INTO `detail_pemeriksaan_bw` (`detail_pemeriksaan_bw_id`, `pemeriksaan_bw_id`, `soal_bw_id`, `jawaban`, `created_at`, `updated_at`, `deleted_at`) VALUES
(11,	8,	28,	8,	'2020-07-16 13:20:33',	'2020-07-16 13:20:33',	NULL),
(12,	8,	29,	6,	'2020-07-16 13:20:33',	'2020-07-16 13:20:33',	NULL),
(13,	8,	30,	15,	'2020-07-16 13:20:33',	'2020-07-16 13:20:33',	NULL),
(14,	8,	31,	35,	'2020-07-16 13:20:33',	'2020-07-16 13:20:33',	NULL),
(15,	8,	32,	74,	'2020-07-16 13:20:33',	'2020-07-16 13:20:33',	NULL),
(16,	8,	33,	73,	'2020-07-16 13:20:33',	'2020-07-16 13:20:33',	NULL),
(17,	8,	34,	26,	'2020-07-16 13:20:33',	'2020-07-16 13:20:33',	NULL),
(18,	8,	35,	3,	'2020-07-16 13:20:33',	'2020-07-16 13:20:33',	NULL),
(19,	8,	36,	29,	'2020-07-16 13:20:33',	'2020-07-16 13:20:33',	NULL),
(20,	8,	37,	96,	'2020-07-16 13:20:33',	'2020-07-16 13:20:33',	NULL),
(21,	32,	28,	34,	'2020-07-23 21:08:28',	'2020-07-23 21:08:28',	NULL),
(22,	32,	29,	6,	'2020-07-23 21:08:28',	'2020-07-23 21:08:28',	NULL),
(23,	32,	30,	15,	'2020-07-23 21:08:28',	'2020-07-23 21:08:28',	NULL),
(24,	32,	31,	35,	'2020-07-23 21:08:28',	'2020-07-23 21:08:28',	NULL),
(25,	32,	32,	74,	'2020-07-23 21:08:28',	'2020-07-23 21:08:28',	NULL),
(26,	32,	33,	73,	'2020-07-23 21:08:28',	'2020-07-23 21:08:28',	NULL),
(27,	32,	34,	26,	'2020-07-23 21:08:28',	'2020-07-23 21:08:28',	NULL),
(28,	32,	35,	4,	'2020-07-23 21:08:28',	'2020-07-23 21:08:28',	NULL),
(29,	32,	36,	12,	'2020-07-23 21:08:28',	'2020-07-23 21:08:28',	NULL),
(30,	32,	37,	12,	'2020-07-23 21:08:28',	'2020-07-23 21:08:28',	NULL),
(31,	32,	39,	11,	'2020-07-23 21:08:28',	'2020-07-23 21:08:28',	NULL),
(32,	33,	28,	8,	'2020-07-23 21:16:02',	'2020-07-23 21:16:02',	NULL),
(33,	33,	29,	6,	'2020-07-23 21:16:02',	'2020-07-23 21:16:02',	NULL),
(34,	33,	30,	15,	'2020-07-23 21:16:02',	'2020-07-23 21:16:02',	NULL),
(35,	33,	31,	35,	'2020-07-23 21:16:02',	'2020-07-23 21:16:02',	NULL),
(36,	33,	32,	74,	'2020-07-23 21:16:02',	'2020-07-23 21:16:02',	NULL),
(37,	33,	33,	73,	'2020-07-23 21:16:02',	'2020-07-23 21:16:02',	NULL),
(38,	33,	34,	26,	'2020-07-23 21:16:02',	'2020-07-23 21:16:02',	NULL),
(39,	33,	35,	3,	'2020-07-23 21:16:02',	'2020-07-23 21:16:02',	NULL),
(40,	33,	36,	29,	'2020-07-23 21:16:02',	'2020-07-23 21:16:02',	NULL),
(41,	33,	37,	96,	'2020-07-23 21:16:02',	'2020-07-23 21:16:02',	NULL),
(42,	33,	39,	12,	'2020-07-23 21:16:02',	'2020-07-23 21:16:02',	NULL),
(43,	34,	28,	8,	'2020-07-23 21:22:28',	'2020-07-23 21:22:28',	NULL),
(44,	34,	29,	6,	'2020-07-23 21:22:28',	'2020-07-23 21:22:28',	NULL),
(45,	34,	30,	15,	'2020-07-23 21:22:28',	'2020-07-23 21:22:28',	NULL),
(46,	34,	31,	35,	'2020-07-23 21:22:28',	'2020-07-23 21:22:28',	NULL),
(47,	34,	32,	74,	'2020-07-23 21:22:28',	'2020-07-23 21:22:28',	NULL),
(48,	34,	33,	73,	'2020-07-23 21:22:28',	'2020-07-23 21:22:28',	NULL),
(49,	34,	34,	26,	'2020-07-23 21:22:28',	'2020-07-23 21:22:28',	NULL),
(50,	34,	35,	3,	'2020-07-23 21:22:28',	'2020-07-23 21:22:28',	NULL),
(51,	34,	36,	29,	'2020-07-23 21:22:28',	'2020-07-23 21:22:28',	NULL),
(52,	34,	37,	96,	'2020-07-23 21:22:28',	'2020-07-23 21:22:28',	NULL),
(53,	34,	39,	12,	'2020-07-23 21:22:28',	'2020-07-23 21:22:28',	NULL),
(54,	35,	28,	8,	'2020-07-23 21:23:28',	'2020-07-23 21:23:28',	NULL),
(55,	35,	29,	6,	'2020-07-23 21:23:28',	'2020-07-23 21:23:28',	NULL),
(56,	35,	30,	15,	'2020-07-23 21:23:28',	'2020-07-23 21:23:28',	NULL),
(57,	35,	31,	35,	'2020-07-23 21:23:28',	'2020-07-23 21:23:28',	NULL),
(58,	35,	32,	74,	'2020-07-23 21:23:28',	'2020-07-23 21:23:28',	NULL),
(59,	35,	33,	73,	'2020-07-23 21:23:28',	'2020-07-23 21:23:28',	NULL),
(60,	35,	34,	26,	'2020-07-23 21:23:28',	'2020-07-23 21:23:28',	NULL),
(61,	35,	35,	3,	'2020-07-23 21:23:28',	'2020-07-23 21:23:28',	NULL),
(62,	35,	36,	29,	'2020-07-23 21:23:28',	'2020-07-23 21:23:28',	NULL),
(63,	35,	37,	96,	'2020-07-23 21:23:28',	'2020-07-23 21:23:28',	NULL),
(64,	35,	39,	12,	'2020-07-23 21:23:28',	'2020-07-23 21:23:28',	NULL),
(65,	36,	28,	8,	'2020-07-23 21:27:34',	'2020-07-23 21:27:34',	NULL),
(66,	36,	29,	6,	'2020-07-23 21:27:34',	'2020-07-23 21:27:34',	NULL),
(67,	36,	30,	15,	'2020-07-23 21:27:34',	'2020-07-23 21:27:34',	NULL),
(68,	36,	31,	35,	'2020-07-23 21:27:34',	'2020-07-23 21:27:34',	NULL),
(69,	36,	32,	74,	'2020-07-23 21:27:34',	'2020-07-23 21:27:34',	NULL),
(70,	36,	33,	73,	'2020-07-23 21:27:34',	'2020-07-23 21:27:34',	NULL),
(71,	36,	34,	26,	'2020-07-23 21:27:34',	'2020-07-23 21:27:34',	NULL),
(72,	36,	35,	33,	'2020-07-23 21:27:34',	'2020-07-23 21:27:34',	NULL),
(73,	36,	36,	29,	'2020-07-23 21:27:34',	'2020-07-23 21:27:34',	NULL),
(74,	36,	37,	96,	'2020-07-23 21:27:34',	'2020-07-23 21:27:34',	NULL),
(75,	36,	39,	12,	'2020-07-23 21:27:34',	'2020-07-23 21:27:34',	NULL),
(76,	37,	28,	12,	'2020-07-23 21:31:08',	'2020-07-23 21:31:08',	NULL),
(77,	37,	29,	6,	'2020-07-23 21:30:33',	'2020-07-23 21:30:33',	NULL),
(78,	37,	30,	11,	'2020-07-23 21:31:08',	'2020-07-23 21:31:08',	NULL),
(79,	37,	31,	12,	'2020-07-23 21:31:08',	'2020-07-23 21:31:08',	NULL),
(80,	37,	32,	76,	'2020-07-23 21:31:08',	'2020-07-23 21:31:08',	NULL),
(81,	37,	33,	73,	'2020-07-23 21:30:33',	'2020-07-23 21:30:33',	NULL),
(82,	37,	34,	26,	'2020-07-23 21:30:33',	'2020-07-23 21:30:33',	NULL),
(83,	37,	35,	3,	'2020-07-23 21:30:33',	'2020-07-23 21:30:33',	NULL),
(84,	37,	36,	29,	'2020-07-23 21:30:33',	'2020-07-23 21:30:33',	NULL),
(85,	37,	37,	96,	'2020-07-23 21:30:33',	'2020-07-23 21:30:33',	NULL),
(86,	37,	39,	12,	'2020-07-23 21:30:33',	'2020-07-23 21:30:33',	NULL),
(87,	38,	28,	1,	'2020-07-23 21:32:13',	'2020-07-23 21:32:13',	'2020-07-23 21:32:13'),
(88,	38,	29,	2,	'2020-07-23 21:32:13',	'2020-07-23 21:32:13',	'2020-07-23 21:32:13'),
(89,	38,	30,	3,	'2020-07-23 21:32:13',	'2020-07-23 21:32:13',	'2020-07-23 21:32:13'),
(90,	38,	31,	4,	'2020-07-23 21:32:13',	'2020-07-23 21:32:13',	'2020-07-23 21:32:13'),
(91,	38,	32,	2,	'2020-07-23 21:32:13',	'2020-07-23 21:32:13',	'2020-07-23 21:32:13'),
(92,	38,	33,	1,	'2020-07-23 21:32:13',	'2020-07-23 21:32:13',	'2020-07-23 21:32:13'),
(93,	38,	34,	2,	'2020-07-23 21:32:13',	'2020-07-23 21:32:13',	'2020-07-23 21:32:13'),
(94,	38,	35,	1,	'2020-07-23 21:32:13',	'2020-07-23 21:32:13',	'2020-07-23 21:32:13'),
(95,	38,	36,	3,	'2020-07-23 21:32:13',	'2020-07-23 21:32:13',	'2020-07-23 21:32:13'),
(96,	38,	37,	2,	'2020-07-23 21:32:13',	'2020-07-23 21:32:13',	'2020-07-23 21:32:13'),
(97,	38,	39,	2,	'2020-07-23 21:32:13',	'2020-07-23 21:32:13',	'2020-07-23 21:32:13'),
(98,	43,	28,	8,	'2020-07-24 07:55:53',	'2020-07-24 07:55:53',	NULL),
(99,	43,	29,	6,	'2020-07-24 07:55:53',	'2020-07-24 07:55:53',	NULL),
(100,	43,	30,	15,	'2020-07-24 07:55:53',	'2020-07-24 07:55:53',	NULL),
(101,	43,	31,	35,	'2020-07-24 07:55:53',	'2020-07-24 07:55:53',	NULL),
(102,	43,	32,	74,	'2020-07-24 07:55:53',	'2020-07-24 07:55:53',	NULL),
(103,	43,	33,	73,	'2020-07-24 07:55:53',	'2020-07-24 07:55:53',	NULL),
(104,	43,	34,	26,	'2020-07-24 07:55:53',	'2020-07-24 07:55:53',	NULL),
(105,	43,	35,	3,	'2020-07-24 07:55:53',	'2020-07-24 07:55:53',	NULL),
(106,	43,	36,	29,	'2020-07-24 07:55:53',	'2020-07-24 07:55:53',	NULL),
(107,	43,	37,	96,	'2020-07-24 07:55:53',	'2020-07-24 07:55:53',	NULL),
(108,	43,	39,	12,	'2020-07-24 07:55:53',	'2020-07-24 07:55:53',	NULL),
(109,	43,	42,	57,	'2020-07-24 07:55:53',	'2020-07-24 07:55:53',	NULL);

DROP TABLE IF EXISTS `detail_pemeriksaan_gigi`;
CREATE TABLE `detail_pemeriksaan_gigi` (
  `detail_pemeriksaan_gigi_id` int(11) NOT NULL AUTO_INCREMENT,
  `pemeriksaan_gigi_id` int(11) unsigned NOT NULL,
  `exo_pers` tinyint(4) NOT NULL COMMENT '0 = + ,1 = -',
  `fs` tinyint(4) NOT NULL COMMENT '0 = + , 1 = -',
  `debris_1` int(1) NOT NULL,
  `debris_2` int(1) NOT NULL,
  `debris_3` int(1) NOT NULL,
  `debris_4` int(1) NOT NULL,
  `debris_5` int(1) NOT NULL,
  `debris_6` int(1) NOT NULL,
  `kalkulus_1` int(1) NOT NULL,
  `kalkulus_2` int(1) NOT NULL,
  `kalkulus_3` int(1) NOT NULL,
  `kalkulus_4` int(1) NOT NULL,
  `kalkulus_5` int(1) NOT NULL,
  `kalkulus_6` int(1) NOT NULL,
  `ohis` float NOT NULL,
  `kesehatan_gusi` int(1) NOT NULL COMMENT '0 = baik,1 = cukup, 3 = kurang,4 = jelek',
  `frekuensi_menyikat_gigi` int(1) NOT NULL,
  `created_at` timestamp NOT NULL DEFAULT '0000-00-00 00:00:00' ON UPDATE CURRENT_TIMESTAMP,
  `updated_at` timestamp NOT NULL DEFAULT '0000-00-00 00:00:00',
  `deleted_at` timestamp NULL DEFAULT NULL,
  PRIMARY KEY (`detail_pemeriksaan_gigi_id`),
  KEY `pemeriksaan_gigi_id` (`pemeriksaan_gigi_id`),
  CONSTRAINT `detail_pemeriksaan_gigi_ibfk_1` FOREIGN KEY (`pemeriksaan_gigi_id`) REFERENCES `pemeriksaan` (`pemeriksaan_id`) ON DELETE CASCADE,
  CONSTRAINT `detail_pemeriksaan_gigi_ibfk_2` FOREIGN KEY (`pemeriksaan_gigi_id`) REFERENCES `pemeriksaan` (`pemeriksaan_id`) ON DELETE CASCADE
) ENGINE=InnoDB DEFAULT CHARSET=latin1;

INSERT INTO `detail_pemeriksaan_gigi` (`detail_pemeriksaan_gigi_id`, `pemeriksaan_gigi_id`, `exo_pers`, `fs`, `debris_1`, `debris_2`, `debris_3`, `debris_4`, `debris_5`, `debris_6`, `kalkulus_1`, `kalkulus_2`, `kalkulus_3`, `kalkulus_4`, `kalkulus_5`, `kalkulus_6`, `ohis`, `kesehatan_gusi`, `frekuensi_menyikat_gigi`, `created_at`, `updated_at`, `deleted_at`) VALUES
(2,	6,	0,	0,	1,	1,	5,	2,	2,	2,	2,	1,	2,	2,	1,	2,	1.8,	1,	2,	'2020-07-16 06:02:40',	'2020-07-16 06:02:40',	NULL),
(3,	9,	0,	0,	1,	2,	1,	2,	1,	2,	1,	1,	2,	2,	1,	1,	1.4,	0,	1,	'2020-07-23 02:45:45',	'2020-07-23 02:45:45',	NULL),
(4,	10,	0,	0,	1,	1,	1,	1,	1,	1,	2,	1,	2,	2,	2,	2,	1.4,	1,	1,	'2020-07-23 13:36:26',	'2020-07-23 13:36:26',	NULL),
(5,	12,	0,	0,	1,	1,	2,	1,	1,	2,	2,	1,	1,	2,	1,	2,	1.5,	1,	2,	'2020-07-23 03:07:11',	'2020-07-23 03:07:11',	NULL),
(12,	19,	0,	0,	1,	1,	1,	2,	1,	2,	2,	1,	2,	1,	2,	1,	1.4,	1,	3,	'2020-07-23 03:18:51',	'2020-07-23 03:18:51',	NULL),
(14,	21,	0,	0,	1,	1,	1,	2,	1,	2,	1,	2,	1,	1,	1,	2,	1.3,	0,	1,	'2020-07-23 03:23:31',	'2020-07-23 03:23:31',	NULL),
(15,	22,	0,	0,	1,	2,	2,	2,	1,	1,	1,	2,	1,	2,	1,	2,	1.5,	1,	3,	'2020-07-23 10:27:11',	'2020-07-23 10:27:11',	NULL),
(16,	39,	0,	0,	1,	1,	1,	2,	1,	2,	1,	2,	1,	1,	2,	1,	1.3,	1,	1,	'2020-07-24 00:50:51',	'2020-07-24 00:50:51',	NULL),
(17,	44,	0,	0,	2,	1,	3,	2,	1,	2,	1,	2,	3,	3,	2,	1,	1.9,	0,	1,	'2021-08-26 05:06:37',	'2021-08-26 05:06:37',	NULL);

DROP TABLE IF EXISTS `detail_pemeriksaan_imt`;
CREATE TABLE `detail_pemeriksaan_imt` (
  `detail_pemeriksaan_imt_id` int(11) NOT NULL AUTO_INCREMENT,
  `pemeriksaan_imt_id` int(11) unsigned NOT NULL,
  `berat_badan` float NOT NULL,
  `tinggi_badan` float NOT NULL,
  `vaksin` tinyint(4) NOT NULL DEFAULT '0',
  `created_at` timestamp NOT NULL DEFAULT '0000-00-00 00:00:00' ON UPDATE CURRENT_TIMESTAMP,
  `updated_at` timestamp NOT NULL DEFAULT '0000-00-00 00:00:00',
  `deleted_at` timestamp NULL DEFAULT NULL,
  PRIMARY KEY (`detail_pemeriksaan_imt_id`),
  KEY `pemeriksaan_imt_id` (`pemeriksaan_imt_id`),
  CONSTRAINT `detail_pemeriksaan_imt_ibfk_2` FOREIGN KEY (`pemeriksaan_imt_id`) REFERENCES `pemeriksaan` (`pemeriksaan_id`) ON DELETE CASCADE
) ENGINE=InnoDB DEFAULT CHARSET=latin1;

INSERT INTO `detail_pemeriksaan_imt` (`detail_pemeriksaan_imt_id`, `pemeriksaan_imt_id`, `berat_badan`, `tinggi_badan`, `vaksin`, `created_at`, `updated_at`, `deleted_at`) VALUES
(2,	7,	36,	120,	1,	'2020-07-16 06:12:12',	'2020-07-16 06:12:12',	NULL),
(3,	23,	35,	129,	1,	'2020-07-23 13:39:17',	'2020-07-23 13:39:17',	NULL),
(4,	24,	45,	130,	1,	'2020-07-23 13:40:21',	'2020-07-23 13:40:21',	NULL),
(6,	26,	45,	130,	1,	'2020-07-23 13:42:52',	'2020-07-23 13:42:52',	NULL),
(8,	28,	45,	140,	1,	'2020-07-23 13:45:10',	'2020-07-23 13:45:10',	NULL),
(9,	29,	44,	125,	1,	'2020-07-23 13:49:32',	'2020-07-23 13:49:32',	NULL),
(10,	30,	30,	130,	1,	'2020-07-23 13:58:50',	'2020-07-23 13:58:50',	NULL),
(11,	31,	45,	120,	1,	'2020-07-23 13:59:35',	'2020-07-23 13:59:35',	NULL),
(12,	40,	45,	150,	1,	'2020-07-24 00:51:45',	'2020-07-24 00:51:45',	NULL);

DROP TABLE IF EXISTS `detail_pemeriksaan_ptm`;
CREATE TABLE `detail_pemeriksaan_ptm` (
  `detail_pemeriksaan_ptm_id` int(11) NOT NULL AUTO_INCREMENT,
  `pemeriksaan_ptm_id` int(11) unsigned NOT NULL,
  `tekanan_sistolik` int(11) NOT NULL,
  `tekanan_diastolik` int(11) NOT NULL,
  `lingkar_pinggang` int(11) NOT NULL,
  `nilai_gula_darah_sewaktu` int(11) NOT NULL,
  `created_at` datetime NOT NULL ON UPDATE CURRENT_TIMESTAMP,
  `updated_at` datetime NOT NULL,
  `deleted_at` datetime DEFAULT NULL,
  PRIMARY KEY (`detail_pemeriksaan_ptm_id`),
  KEY `pemeriksaan_ptm_id` (`pemeriksaan_ptm_id`),
  CONSTRAINT `detail_pemeriksaan_ptm_ibfk_1` FOREIGN KEY (`pemeriksaan_ptm_id`) REFERENCES `pemeriksaan` (`pemeriksaan_id`) ON DELETE CASCADE
) ENGINE=InnoDB DEFAULT CHARSET=latin1;

INSERT INTO `detail_pemeriksaan_ptm` (`detail_pemeriksaan_ptm_id`, `pemeriksaan_ptm_id`, `tekanan_sistolik`, `tekanan_diastolik`, `lingkar_pinggang`, `nilai_gula_darah_sewaktu`, `created_at`, `updated_at`, `deleted_at`) VALUES
(1,	42,	110,	80,	45,	80,	'2020-07-24 07:53:40',	'2020-07-24 07:53:40',	NULL);

DROP TABLE IF EXISTS `detail_pemeriksaan_sosial`;
CREATE TABLE `detail_pemeriksaan_sosial` (
  `detail_pemeriksaan_sosial_id` int(11) NOT NULL AUTO_INCREMENT,
  `pemeriksaan_sosial_id` int(11) unsigned NOT NULL,
  `merokok` tinyint(4) NOT NULL,
  `minum_alkohol` tinyint(4) NOT NULL,
  `narkoba` tinyint(4) NOT NULL,
  `free_sex` tinyint(4) NOT NULL,
  `created_at` timestamp NOT NULL DEFAULT '0000-00-00 00:00:00' ON UPDATE CURRENT_TIMESTAMP,
  `updated_at` timestamp NOT NULL DEFAULT '0000-00-00 00:00:00',
  `deleted_at` timestamp NULL DEFAULT NULL,
  PRIMARY KEY (`detail_pemeriksaan_sosial_id`),
  KEY `pemeriksaan_id` (`pemeriksaan_sosial_id`),
  CONSTRAINT `detail_pemeriksaan_sosial_ibfk_1` FOREIGN KEY (`pemeriksaan_sosial_id`) REFERENCES `pemeriksaan` (`pemeriksaan_id`) ON DELETE CASCADE
) ENGINE=InnoDB DEFAULT CHARSET=latin1;

INSERT INTO `detail_pemeriksaan_sosial` (`detail_pemeriksaan_sosial_id`, `pemeriksaan_sosial_id`, `merokok`, `minum_alkohol`, `narkoba`, `free_sex`, `created_at`, `updated_at`, `deleted_at`) VALUES
(1,	41,	0,	1,	0,	0,	'2020-07-24 00:52:45',	'2020-07-24 00:52:45',	NULL);

DROP TABLE IF EXISTS `detail_rujukan`;
CREATE TABLE `detail_rujukan` (
  `detail_rujukan_id` int(11) NOT NULL AUTO_INCREMENT,
  `pemeriksaan_id` int(11) unsigned NOT NULL,
  `penangan` int(11) DEFAULT NULL,
  `deskripsi` text,
  `created_at` datetime NOT NULL ON UPDATE CURRENT_TIMESTAMP,
  `updated_at` datetime NOT NULL,
  `deleted_at` datetime DEFAULT NULL,
  PRIMARY KEY (`detail_rujukan_id`),
  KEY `pemeriksaan_id` (`pemeriksaan_id`),
  CONSTRAINT `detail_rujukan_ibfk_1` FOREIGN KEY (`pemeriksaan_id`) REFERENCES `pemeriksaan` (`pemeriksaan_id`)
) ENGINE=InnoDB DEFAULT CHARSET=latin1;

INSERT INTO `detail_rujukan` (`detail_rujukan_id`, `pemeriksaan_id`, `penangan`, `deskripsi`, `created_at`, `updated_at`, `deleted_at`) VALUES
(1,	9,	NULL,	'Perlu dilakukan penanganan lebih lanjut terkait kondisi gigi',	'2020-07-23 09:45:45',	'2020-07-23 09:45:45',	NULL),
(2,	21,	3,	'terdapat banyak plak gigi',	'2020-07-24 07:57:46',	'2020-07-24 07:57:46',	NULL),
(3,	10,	NULL,	'terdapat banyak plat gigi menempel',	'2020-07-23 20:36:26',	'2020-07-23 20:36:26',	NULL),
(4,	24,	NULL,	'Terlalu banyak mengkonsumsi makanan berlemak dan gula',	'2020-07-23 20:40:21',	'2020-07-23 20:40:21',	NULL),
(5,	32,	NULL,	'terdapat lebih dari 3 soal yang salah sehingga siswa disarankan untuk dirujuk ke rumah sakit terdekat',	'2020-07-23 21:08:28',	'2020-07-23 21:08:28',	NULL),
(6,	37,	NULL,	'terdapat lebih dari 3 soal yang salah sehingga siswa disarankan untuk dirujuk ke rumah sakit terdekat',	'2020-07-23 21:31:08',	'2020-07-23 21:31:08',	NULL),
(7,	38,	NULL,	'terdapat lebih dari 3 soal yang salah sehingga siswa disarankan untuk dirujuk ke rumah sakit terdekat',	'2020-07-23 21:32:13',	'2020-07-23 21:32:13',	'2020-07-23 21:32:13'),
(8,	39,	NULL,	'terdapat banyak plak gigi',	'2020-07-24 07:50:51',	'2020-07-24 07:50:51',	NULL),
(9,	44,	NULL,	'lorem ipsum',	'2021-08-26 12:06:37',	'2021-08-26 12:06:37',	NULL);

DROP TABLE IF EXISTS `index_karies`;
CREATE TABLE `index_karies` (
  `index_karies_id` int(11) NOT NULL AUTO_INCREMENT,
  `detail_pemeriksaan_gigi_id` int(11) NOT NULL,
  `posisi_gigi` varchar(11) NOT NULL,
  `keadaan_gigi` int(11) NOT NULL,
  `created_at` timestamp NOT NULL DEFAULT '0000-00-00 00:00:00' ON UPDATE CURRENT_TIMESTAMP,
  `updated_at` timestamp NOT NULL DEFAULT '0000-00-00 00:00:00',
  `deleted_at` timestamp NULL DEFAULT NULL,
  PRIMARY KEY (`index_karies_id`),
  KEY `detail_pemeriksaan_gigi_id` (`detail_pemeriksaan_gigi_id`),
  CONSTRAINT `index_karies_ibfk_2` FOREIGN KEY (`detail_pemeriksaan_gigi_id`) REFERENCES `detail_pemeriksaan_gigi` (`detail_pemeriksaan_gigi_id`) ON DELETE CASCADE ON UPDATE CASCADE
) ENGINE=InnoDB DEFAULT CHARSET=latin1;

INSERT INTO `index_karies` (`index_karies_id`, `detail_pemeriksaan_gigi_id`, `posisi_gigi`, `keadaan_gigi`, `created_at`, `updated_at`, `deleted_at`) VALUES
(51,	2,	'gda14',	2,	'2020-07-16 06:02:40',	'2020-07-16 06:02:40',	NULL),
(52,	2,	'gda13',	2,	'2020-07-16 06:02:40',	'2020-07-16 06:02:40',	NULL),
(53,	2,	'gda12',	1,	'2020-07-16 06:02:40',	'2020-07-16 06:02:40',	NULL),
(54,	3,	'gda18',	1,	'2020-07-23 02:45:45',	'2020-07-23 02:45:45',	NULL),
(55,	3,	'gda17',	1,	'2020-07-23 02:45:45',	'2020-07-23 02:45:45',	NULL),
(56,	3,	'gda16',	1,	'2020-07-23 02:45:45',	'2020-07-23 02:45:45',	NULL),
(57,	3,	'gda15',	1,	'2020-07-23 02:45:45',	'2020-07-23 02:45:45',	NULL),
(58,	3,	'gda14',	1,	'2020-07-23 02:45:45',	'2020-07-23 02:45:45',	NULL),
(59,	3,	'gda13',	1,	'2020-07-23 02:45:45',	'2020-07-23 02:45:45',	NULL),
(60,	3,	'gda12',	1,	'2020-07-23 02:45:45',	'2020-07-23 02:45:45',	NULL),
(61,	3,	'gda11',	1,	'2020-07-23 02:45:45',	'2020-07-23 02:45:45',	NULL),
(62,	3,	'gda21',	1,	'2020-07-23 02:45:45',	'2020-07-23 02:45:45',	NULL),
(63,	3,	'gda22',	1,	'2020-07-23 02:45:45',	'2020-07-23 02:45:45',	NULL),
(64,	3,	'gda23',	1,	'2020-07-23 02:45:45',	'2020-07-23 02:45:45',	NULL),
(65,	3,	'gda24',	1,	'2020-07-23 02:45:45',	'2020-07-23 02:45:45',	NULL),
(66,	3,	'gda25',	1,	'2020-07-23 02:45:45',	'2020-07-23 02:45:45',	NULL),
(67,	3,	'gda26',	1,	'2020-07-23 02:45:45',	'2020-07-23 02:45:45',	NULL),
(68,	3,	'gda27',	1,	'2020-07-23 02:45:45',	'2020-07-23 02:45:45',	NULL),
(69,	3,	'gda28',	1,	'2020-07-23 02:45:45',	'2020-07-23 02:45:45',	NULL),
(70,	3,	'gdb32',	1,	'2020-07-23 02:45:45',	'2020-07-23 02:45:45',	NULL),
(71,	3,	'gdb31',	1,	'2020-07-23 02:45:45',	'2020-07-23 02:45:45',	NULL),
(72,	3,	'gdb41',	2,	'2020-07-23 02:45:45',	'2020-07-23 02:45:45',	NULL),
(73,	3,	'gdb42',	1,	'2020-07-23 02:45:45',	'2020-07-23 02:45:45',	NULL),
(74,	3,	'gdb43',	1,	'2020-07-23 02:45:45',	'2020-07-23 02:45:45',	NULL),
(75,	4,	'gda15',	1,	'2020-07-23 11:55:15',	'2020-07-23 11:55:15',	'2020-07-23 11:55:15'),
(76,	4,	'gda14',	1,	'2020-07-23 11:55:15',	'2020-07-23 11:55:15',	'2020-07-23 11:55:15'),
(77,	4,	'gda16',	1,	'2020-07-23 11:55:15',	'2020-07-23 11:55:15',	'2020-07-23 11:55:15'),
(78,	4,	'gda17',	1,	'2020-07-23 11:55:15',	'2020-07-23 11:55:15',	'2020-07-23 11:55:15'),
(79,	4,	'gda18',	1,	'2020-07-23 11:55:15',	'2020-07-23 11:55:15',	'2020-07-23 11:55:15'),
(80,	4,	'gda13',	1,	'2020-07-23 11:55:15',	'2020-07-23 11:55:15',	'2020-07-23 11:55:15'),
(81,	4,	'gda12',	1,	'2020-07-23 11:55:15',	'2020-07-23 11:55:15',	'2020-07-23 11:55:15'),
(82,	4,	'gda11',	1,	'2020-07-23 11:55:15',	'2020-07-23 11:55:15',	'2020-07-23 11:55:15'),
(83,	4,	'gda21',	1,	'2020-07-23 11:55:15',	'2020-07-23 11:55:15',	'2020-07-23 11:55:15'),
(84,	4,	'gda22',	1,	'2020-07-23 11:55:15',	'2020-07-23 11:55:15',	'2020-07-23 11:55:15'),
(85,	4,	'gda23',	1,	'2020-07-23 11:55:15',	'2020-07-23 11:55:15',	'2020-07-23 11:55:15'),
(86,	4,	'gda24',	1,	'2020-07-23 11:55:15',	'2020-07-23 11:55:15',	'2020-07-23 11:55:15'),
(87,	4,	'gda25',	1,	'2020-07-23 11:55:15',	'2020-07-23 11:55:15',	'2020-07-23 11:55:15'),
(88,	4,	'gda26',	1,	'2020-07-23 11:55:15',	'2020-07-23 11:55:15',	'2020-07-23 11:55:15'),
(89,	4,	'gda27',	1,	'2020-07-23 11:55:15',	'2020-07-23 11:55:15',	'2020-07-23 11:55:15'),
(90,	4,	'gda28',	1,	'2020-07-23 11:55:15',	'2020-07-23 11:55:15',	'2020-07-23 11:55:15'),
(91,	4,	'gdb38',	1,	'2020-07-23 11:55:15',	'2020-07-23 11:55:15',	'2020-07-23 11:55:15'),
(92,	4,	'gdb37',	1,	'2020-07-23 11:55:15',	'2020-07-23 11:55:15',	'2020-07-23 11:55:15'),
(93,	4,	'gdb33',	2,	'2020-07-23 11:55:15',	'2020-07-23 11:55:15',	'2020-07-23 11:55:15'),
(94,	4,	'gdb32',	1,	'2020-07-23 11:55:15',	'2020-07-23 11:55:15',	'2020-07-23 11:55:15'),
(95,	4,	'gdb31',	2,	'2020-07-23 11:55:15',	'2020-07-23 11:55:15',	'2020-07-23 11:55:15'),
(96,	5,	'gda18',	3,	'2020-07-23 03:07:11',	'2020-07-23 03:07:11',	NULL),
(97,	5,	'gda17',	1,	'2020-07-23 03:07:11',	'2020-07-23 03:07:11',	NULL),
(98,	5,	'gda16',	1,	'2020-07-23 03:07:11',	'2020-07-23 03:07:11',	NULL),
(99,	5,	'gda15',	2,	'2020-07-23 03:07:11',	'2020-07-23 03:07:11',	NULL),
(100,	5,	'gda14',	1,	'2020-07-23 03:07:11',	'2020-07-23 03:07:11',	NULL),
(101,	5,	'gda13',	2,	'2020-07-23 03:07:11',	'2020-07-23 03:07:11',	NULL),
(102,	5,	'gda12',	2,	'2020-07-23 03:07:11',	'2020-07-23 03:07:11',	NULL),
(103,	5,	'gda11',	1,	'2020-07-23 03:07:11',	'2020-07-23 03:07:11',	NULL),
(104,	5,	'gda21',	1,	'2020-07-23 03:07:11',	'2020-07-23 03:07:11',	NULL),
(105,	5,	'gda22',	1,	'2020-07-23 03:07:11',	'2020-07-23 03:07:11',	NULL),
(190,	12,	'gda18',	1,	'2020-07-23 03:18:51',	'2020-07-23 03:18:51',	NULL),
(191,	12,	'gda17',	1,	'2020-07-23 03:18:51',	'2020-07-23 03:18:51',	NULL),
(194,	14,	'gda18',	1,	'2020-07-23 03:23:31',	'2020-07-23 03:23:31',	NULL),
(195,	14,	'gda17',	1,	'2020-07-23 03:23:31',	'2020-07-23 03:23:31',	NULL),
(196,	14,	'gda16',	3,	'2020-07-23 03:23:31',	'2020-07-23 03:23:31',	NULL),
(197,	14,	'gda15',	2,	'2020-07-23 03:23:31',	'2020-07-23 03:23:31',	NULL),
(198,	14,	'gda14',	2,	'2020-07-23 03:23:31',	'2020-07-23 03:23:31',	NULL),
(199,	14,	'gda13',	3,	'2020-07-23 03:23:31',	'2020-07-23 03:23:31',	NULL),
(200,	14,	'gda12',	3,	'2020-07-23 03:23:31',	'2020-07-23 03:23:31',	NULL),
(201,	14,	'gda11',	2,	'2020-07-23 03:23:31',	'2020-07-23 03:23:31',	NULL),
(202,	14,	'gda21',	2,	'2020-07-23 03:23:31',	'2020-07-23 03:23:31',	NULL),
(203,	14,	'gda22',	1,	'2020-07-23 03:23:31',	'2020-07-23 03:23:31',	NULL),
(204,	14,	'gda23',	1,	'2020-07-23 03:23:31',	'2020-07-23 03:23:31',	NULL),
(205,	14,	'gda24',	2,	'2020-07-23 03:23:31',	'2020-07-23 03:23:31',	NULL),
(206,	14,	'gda25',	2,	'2020-07-23 03:23:31',	'2020-07-23 03:23:31',	NULL),
(207,	14,	'gda26',	2,	'2020-07-23 03:23:31',	'2020-07-23 03:23:31',	NULL),
(208,	14,	'gda27',	1,	'2020-07-23 03:23:31',	'2020-07-23 03:23:31',	NULL),
(209,	14,	'gda28',	1,	'2020-07-23 03:23:31',	'2020-07-23 03:23:31',	NULL),
(210,	15,	'gda18',	4,	'2020-07-23 10:27:11',	'2020-07-23 10:27:11',	NULL),
(211,	15,	'gda17',	2,	'2020-07-23 10:27:11',	'2020-07-23 10:27:11',	NULL),
(212,	15,	'gda16',	1,	'2020-07-23 10:27:11',	'2020-07-23 10:27:11',	NULL),
(213,	15,	'gda15',	1,	'2020-07-23 10:27:11',	'2020-07-23 10:27:11',	NULL),
(214,	15,	'gda14',	2,	'2020-07-23 10:27:11',	'2020-07-23 10:27:11',	NULL),
(215,	15,	'gda13',	1,	'2020-07-23 10:27:11',	'2020-07-23 10:27:11',	NULL),
(216,	15,	'gda12',	2,	'2020-07-23 10:27:11',	'2020-07-23 10:27:11',	NULL),
(217,	4,	'gda15',	1,	'2020-07-23 13:36:26',	'2020-07-23 13:36:26',	'2020-07-23 13:36:26'),
(218,	4,	'gda14',	1,	'2020-07-23 13:36:26',	'2020-07-23 13:36:26',	'2020-07-23 13:36:26'),
(219,	4,	'gda16',	1,	'2020-07-23 13:36:26',	'2020-07-23 13:36:26',	'2020-07-23 13:36:26'),
(220,	4,	'gda17',	1,	'2020-07-23 13:36:26',	'2020-07-23 13:36:26',	'2020-07-23 13:36:26'),
(221,	4,	'gda18',	1,	'2020-07-23 13:36:26',	'2020-07-23 13:36:26',	'2020-07-23 13:36:26'),
(222,	4,	'gda13',	1,	'2020-07-23 13:36:26',	'2020-07-23 13:36:26',	'2020-07-23 13:36:26'),
(223,	4,	'gda12',	1,	'2020-07-23 13:36:26',	'2020-07-23 13:36:26',	'2020-07-23 13:36:26'),
(224,	4,	'gda11',	1,	'2020-07-23 13:36:26',	'2020-07-23 13:36:26',	'2020-07-23 13:36:26'),
(225,	4,	'gda21',	1,	'2020-07-23 13:36:26',	'2020-07-23 13:36:26',	'2020-07-23 13:36:26'),
(226,	4,	'gda22',	1,	'2020-07-23 13:36:26',	'2020-07-23 13:36:26',	'2020-07-23 13:36:26'),
(227,	4,	'gda23',	1,	'2020-07-23 13:36:26',	'2020-07-23 13:36:26',	'2020-07-23 13:36:26'),
(228,	4,	'gda24',	1,	'2020-07-23 13:36:26',	'2020-07-23 13:36:26',	'2020-07-23 13:36:26'),
(229,	4,	'gda25',	1,	'2020-07-23 13:36:26',	'2020-07-23 13:36:26',	'2020-07-23 13:36:26'),
(230,	4,	'gda26',	1,	'2020-07-23 13:36:26',	'2020-07-23 13:36:26',	'2020-07-23 13:36:26'),
(231,	4,	'gda27',	1,	'2020-07-23 13:36:26',	'2020-07-23 13:36:26',	'2020-07-23 13:36:26'),
(232,	4,	'gda28',	1,	'2020-07-23 13:36:26',	'2020-07-23 13:36:26',	'2020-07-23 13:36:26'),
(233,	4,	'gdb38',	1,	'2020-07-23 13:36:26',	'2020-07-23 13:36:26',	'2020-07-23 13:36:26'),
(234,	4,	'gdb37',	1,	'2020-07-23 13:36:26',	'2020-07-23 13:36:26',	'2020-07-23 13:36:26'),
(235,	4,	'gdb33',	2,	'2020-07-23 13:36:26',	'2020-07-23 13:36:26',	'2020-07-23 13:36:26'),
(236,	4,	'gdb32',	1,	'2020-07-23 13:36:26',	'2020-07-23 13:36:26',	'2020-07-23 13:36:26'),
(237,	4,	'gdb31',	1,	'2020-07-23 13:36:26',	'2020-07-23 13:36:26',	'2020-07-23 13:36:26'),
(238,	4,	'gsb81',	2,	'2020-07-23 13:36:26',	'2020-07-23 13:36:26',	'2020-07-23 13:36:26'),
(239,	4,	'gsb71',	2,	'2020-07-23 13:36:26',	'2020-07-23 13:36:26',	'2020-07-23 13:36:26'),
(240,	4,	'gsb72',	2,	'2020-07-23 13:36:26',	'2020-07-23 13:36:26',	'2020-07-23 13:36:26'),
(241,	4,	'gsb73',	2,	'2020-07-23 13:36:26',	'2020-07-23 13:36:26',	'2020-07-23 13:36:26'),
(242,	4,	'gda15',	1,	'2020-07-23 13:36:26',	'2020-07-23 13:36:26',	NULL),
(243,	4,	'gda14',	1,	'2020-07-23 13:36:26',	'2020-07-23 13:36:26',	NULL),
(244,	4,	'gda16',	1,	'2020-07-23 13:36:26',	'2020-07-23 13:36:26',	NULL),
(245,	4,	'gda17',	1,	'2020-07-23 13:36:26',	'2020-07-23 13:36:26',	NULL),
(246,	4,	'gda18',	1,	'2020-07-23 13:36:26',	'2020-07-23 13:36:26',	NULL),
(247,	4,	'gda13',	1,	'2020-07-23 13:36:26',	'2020-07-23 13:36:26',	NULL),
(248,	4,	'gda12',	1,	'2020-07-23 13:36:26',	'2020-07-23 13:36:26',	NULL),
(249,	4,	'gda11',	1,	'2020-07-23 13:36:26',	'2020-07-23 13:36:26',	NULL),
(250,	4,	'gda21',	1,	'2020-07-23 13:36:26',	'2020-07-23 13:36:26',	NULL),
(251,	4,	'gda22',	1,	'2020-07-23 13:36:26',	'2020-07-23 13:36:26',	NULL),
(252,	4,	'gda23',	1,	'2020-07-23 13:36:26',	'2020-07-23 13:36:26',	NULL),
(253,	4,	'gda24',	1,	'2020-07-23 13:36:26',	'2020-07-23 13:36:26',	NULL),
(254,	4,	'gda25',	1,	'2020-07-23 13:36:26',	'2020-07-23 13:36:26',	NULL),
(255,	4,	'gda26',	2,	'2020-07-23 13:36:26',	'2020-07-23 13:36:26',	NULL),
(256,	4,	'gda27',	1,	'2020-07-23 13:36:26',	'2020-07-23 13:36:26',	NULL),
(257,	4,	'gda28',	1,	'2020-07-23 13:36:26',	'2020-07-23 13:36:26',	NULL),
(258,	4,	'gdb38',	1,	'2020-07-23 13:36:26',	'2020-07-23 13:36:26',	NULL),
(259,	4,	'gdb37',	1,	'2020-07-23 13:36:26',	'2020-07-23 13:36:26',	NULL),
(260,	4,	'gdb32',	1,	'2020-07-23 13:36:26',	'2020-07-23 13:36:26',	NULL),
(261,	4,	'gdb31',	1,	'2020-07-23 13:36:26',	'2020-07-23 13:36:26',	NULL),
(262,	4,	'gdb33',	1,	'2020-07-23 13:36:26',	'2020-07-23 13:36:26',	NULL),
(263,	16,	'gda18',	1,	'2020-07-24 00:50:51',	'2020-07-24 00:50:51',	NULL),
(264,	16,	'gda17',	1,	'2020-07-24 00:50:51',	'2020-07-24 00:50:51',	NULL),
(265,	16,	'gda16',	1,	'2020-07-24 00:50:51',	'2020-07-24 00:50:51',	NULL),
(266,	16,	'gda15',	1,	'2020-07-24 00:50:51',	'2020-07-24 00:50:51',	NULL),
(267,	16,	'gda14',	1,	'2020-07-24 00:50:51',	'2020-07-24 00:50:51',	NULL),
(268,	16,	'gda13',	2,	'2020-07-24 00:50:51',	'2020-07-24 00:50:51',	NULL),
(269,	16,	'gda12',	2,	'2020-07-24 00:50:51',	'2020-07-24 00:50:51',	NULL),
(270,	17,	'gda18',	2,	'2021-08-26 05:06:37',	'2021-08-26 05:06:37',	NULL),
(271,	17,	'gda17',	2,	'2021-08-26 05:06:37',	'2021-08-26 05:06:37',	NULL),
(272,	17,	'gda16',	1,	'2021-08-26 05:06:37',	'2021-08-26 05:06:37',	NULL),
(273,	17,	'gda15',	2,	'2021-08-26 05:06:37',	'2021-08-26 05:06:37',	NULL),
(274,	17,	'gda14',	2,	'2021-08-26 05:06:37',	'2021-08-26 05:06:37',	NULL),
(275,	17,	'gdb33',	3,	'2021-08-26 05:06:37',	'2021-08-26 05:06:37',	NULL),
(276,	17,	'gsa53',	1,	'2021-08-26 05:06:37',	'2021-08-26 05:06:37',	NULL),
(277,	17,	'gsa52',	1,	'2021-08-26 05:06:37',	'2021-08-26 05:06:37',	NULL),
(278,	17,	'gsa51',	2,	'2021-08-26 05:06:37',	'2021-08-26 05:06:37',	NULL);

DROP TABLE IF EXISTS `jenis_pemeriksaan`;
CREATE TABLE `jenis_pemeriksaan` (
  `jenis_pemeriksaan_id` int(11) NOT NULL AUTO_INCREMENT,
  `name` varchar(50) NOT NULL,
  PRIMARY KEY (`jenis_pemeriksaan_id`)
) ENGINE=InnoDB DEFAULT CHARSET=latin1;

INSERT INTO `jenis_pemeriksaan` (`jenis_pemeriksaan_id`, `name`) VALUES
(1,	'Pemeriksaan Gigi'),
(2,	'Pemeriksaan IMT'),
(3,	'Pemeriksaan Sosial'),
(4,	'Pemeriksaan Peyakit Tidak Menular'),
(5,	'Pemeriksaan Buta Warna');

DROP TABLE IF EXISTS `kelas`;
CREATE TABLE `kelas` (
  `kelas_id` int(11) NOT NULL AUTO_INCREMENT,
  `sekolah_id` int(11) NOT NULL,
  `kelas_name` varchar(10) NOT NULL,
  `created_at` timestamp NOT NULL DEFAULT '0000-00-00 00:00:00' ON UPDATE CURRENT_TIMESTAMP,
  `updated_at` timestamp NOT NULL DEFAULT '0000-00-00 00:00:00',
  `deleted_at` datetime DEFAULT NULL,
  PRIMARY KEY (`kelas_id`),
  KEY `sekolah_id` (`sekolah_id`),
  CONSTRAINT `kelas_ibfk_1` FOREIGN KEY (`sekolah_id`) REFERENCES `sekolah` (`sekolah_id`) ON DELETE CASCADE
) ENGINE=InnoDB DEFAULT CHARSET=latin1;

INSERT INTO `kelas` (`kelas_id`, `sekolah_id`, `kelas_name`, `created_at`, `updated_at`, `deleted_at`) VALUES
(105,	11,	'1A',	'2020-07-16 04:35:36',	'2020-07-16 04:35:36',	NULL),
(106,	11,	'1B',	'2020-07-16 04:35:36',	'2020-07-16 04:35:36',	NULL),
(107,	11,	'1C',	'2020-07-16 04:35:36',	'2020-07-16 04:35:36',	NULL),
(108,	11,	'1D',	'2020-07-16 04:35:36',	'2020-07-16 04:35:36',	NULL),
(109,	11,	'1E',	'2020-07-16 04:35:36',	'2020-07-16 04:35:36',	NULL),
(110,	11,	'2A',	'2020-07-16 04:35:36',	'2020-07-16 04:35:36',	NULL),
(111,	11,	'2B',	'2020-07-16 04:35:36',	'2020-07-16 04:35:36',	NULL),
(112,	11,	'2C',	'2020-07-16 04:35:36',	'2020-07-16 04:35:36',	NULL),
(113,	11,	'3A',	'2020-07-16 04:35:36',	'2020-07-16 04:35:36',	NULL),
(114,	11,	'3B',	'2020-07-16 04:35:36',	'2020-07-16 04:35:36',	NULL),
(115,	11,	'3C',	'2020-07-16 04:35:36',	'2020-07-16 04:35:36',	NULL),
(116,	11,	'4A',	'2020-07-16 04:35:36',	'2020-07-16 04:35:36',	NULL),
(117,	11,	'4B',	'2020-07-16 04:35:36',	'2020-07-16 04:35:36',	NULL),
(118,	11,	'5A',	'2020-07-16 04:35:36',	'2020-07-16 04:35:36',	NULL),
(119,	11,	'5B',	'2020-07-16 04:35:36',	'2020-07-16 04:35:36',	NULL),
(120,	11,	'6A',	'2020-07-16 04:35:36',	'2020-07-16 04:35:36',	NULL),
(121,	11,	'6B',	'2020-07-16 04:35:36',	'2020-07-16 04:35:36',	NULL),
(188,	18,	'7A',	'2020-07-24 00:45:09',	'2020-07-24 00:45:09',	NULL),
(189,	18,	'7B',	'2020-07-24 00:45:09',	'2020-07-24 00:45:09',	NULL),
(190,	18,	'7C',	'2020-07-24 00:45:09',	'2020-07-24 00:45:09',	NULL),
(191,	18,	'7D',	'2020-07-24 00:45:09',	'2020-07-24 00:45:09',	NULL),
(192,	18,	'7E',	'2020-07-24 00:45:09',	'2020-07-24 00:45:09',	NULL),
(193,	18,	'8A',	'2020-07-24 00:45:09',	'2020-07-24 00:45:09',	NULL),
(194,	18,	'8B',	'2020-07-24 00:45:09',	'2020-07-24 00:45:09',	NULL),
(195,	18,	'8C',	'2020-07-24 00:45:09',	'2020-07-24 00:45:09',	NULL),
(196,	18,	'8D',	'2020-07-24 00:45:09',	'2020-07-24 00:45:09',	NULL),
(197,	18,	'8E',	'2020-07-24 00:45:09',	'2020-07-24 00:45:09',	NULL),
(198,	18,	'9A',	'2020-07-24 00:45:09',	'2020-07-24 00:45:09',	NULL),
(199,	18,	'9B',	'2020-07-24 00:45:09',	'2020-07-24 00:45:09',	NULL),
(200,	18,	'9C',	'2020-07-24 00:45:09',	'2020-07-24 00:45:09',	NULL),
(201,	18,	'9D',	'2020-07-24 00:45:09',	'2020-07-24 00:45:09',	NULL),
(202,	18,	'9E',	'2020-07-24 00:45:09',	'2020-07-24 00:45:09',	NULL),
(203,	19,	'X MIPA 1',	'2020-07-24 00:45:09',	'2020-07-24 00:45:09',	NULL),
(204,	19,	'X MIPA 2',	'2020-07-24 00:45:09',	'2020-07-24 00:45:09',	NULL),
(205,	19,	'X MIPA 3',	'2020-07-24 00:45:09',	'2020-07-24 00:45:09',	NULL),
(206,	19,	'XI MIPA 1',	'2020-07-24 00:45:09',	'2020-07-24 00:45:09',	NULL),
(207,	19,	'XI MIPA 2',	'2020-07-24 00:45:09',	'2020-07-24 00:45:09',	NULL),
(208,	19,	'XI MIPA 3',	'2020-07-24 00:45:09',	'2020-07-24 00:45:09',	NULL),
(209,	19,	'XII MIPA 1',	'2020-07-24 00:45:09',	'2020-07-24 00:45:09',	NULL),
(210,	19,	'XII MIPA 2',	'2020-07-24 00:45:09',	'2020-07-24 00:45:09',	NULL),
(211,	19,	'XII MIPA 3',	'2020-07-24 00:45:09',	'2020-07-24 00:45:09',	NULL),
(212,	20,	'7A',	'2021-01-13 09:52:39',	'2021-01-13 09:52:39',	'2021-01-13 16:52:39'),
(213,	20,	'7B',	'2021-01-13 09:54:18',	'2021-01-13 09:54:18',	'2021-01-13 16:54:18'),
(214,	20,	'7C',	'2021-01-13 09:56:37',	'2021-01-13 09:56:37',	'2021-01-13 16:56:37'),
(215,	20,	'7D',	'2021-01-13 09:56:52',	'2021-01-13 09:56:52',	'2021-01-13 16:56:52'),
(216,	20,	'7E',	'2021-01-13 09:58:45',	'2021-01-13 09:58:45',	'2021-01-13 16:58:45'),
(217,	20,	'9a',	'2021-01-13 10:01:42',	'2021-01-13 10:01:42',	NULL),
(218,	20,	'8B',	'2020-07-24 00:45:09',	'2020-07-24 00:45:09',	NULL),
(219,	20,	'8C',	'2020-07-24 00:45:09',	'2020-07-24 00:45:09',	NULL),
(220,	20,	'8D',	'2020-07-24 00:45:09',	'2020-07-24 00:45:09',	NULL),
(221,	20,	'8E',	'2020-07-24 00:45:09',	'2020-07-24 00:45:09',	NULL),
(222,	20,	'9A',	'2020-07-24 00:45:09',	'2020-07-24 00:45:09',	NULL),
(223,	20,	'9B',	'2020-07-24 00:45:09',	'2020-07-24 00:45:09',	NULL),
(224,	20,	'9C',	'2020-07-24 00:45:09',	'2020-07-24 00:45:09',	NULL),
(225,	20,	'9D',	'2020-07-24 00:45:09',	'2020-07-24 00:45:09',	NULL),
(226,	20,	'9E',	'2020-07-24 00:45:09',	'2020-07-24 00:45:09',	NULL),
(227,	11,	'6C',	'2020-07-24 00:45:36',	'2020-07-24 00:45:36',	NULL),
(228,	11,	'7F',	'2020-07-24 00:45:49',	'2020-07-24 00:45:49',	NULL),
(229,	11,	'8F',	'2020-07-24 00:45:49',	'2020-07-24 00:45:49',	NULL),
(230,	11,	'9F',	'2020-07-24 00:45:49',	'2020-07-24 00:45:49',	NULL),
(231,	20,	'2C',	'2021-01-13 09:58:24',	'2021-01-13 09:58:24',	NULL),
(232,	20,	'6A',	'2021-01-13 09:58:29',	'2021-01-13 09:58:29',	NULL),
(233,	20,	'6D',	'2021-01-13 09:59:01',	'2021-01-13 09:59:01',	NULL),
(234,	20,	'6D',	'2021-01-13 09:59:37',	'2021-01-13 09:59:37',	NULL),
(235,	20,	'6D',	'2021-01-13 09:59:52',	'2021-01-13 09:59:52',	NULL),
(236,	21,	'6A',	'2021-08-26 05:04:50',	'2021-08-26 05:04:50',	NULL);

DROP TABLE IF EXISTS `kelas_mapping`;
CREATE TABLE `kelas_mapping` (
  `kelas_mapping_id` int(11) NOT NULL AUTO_INCREMENT,
  `kelas_id` int(11) NOT NULL,
  `siswa_id` int(11) NOT NULL,
  `tahun_pelajaran` varchar(10) NOT NULL,
  `deleted_at` datetime DEFAULT NULL,
  PRIMARY KEY (`kelas_mapping_id`),
  KEY `kelas_id` (`kelas_id`),
  KEY `siswa_id` (`siswa_id`),
  CONSTRAINT `kelas_mapping_ibfk_1` FOREIGN KEY (`kelas_id`) REFERENCES `kelas` (`kelas_id`) ON DELETE CASCADE,
  CONSTRAINT `kelas_mapping_ibfk_2` FOREIGN KEY (`siswa_id`) REFERENCES `siswa` (`siswa_id`) ON DELETE CASCADE
) ENGINE=InnoDB DEFAULT CHARSET=latin1;

INSERT INTO `kelas_mapping` (`kelas_mapping_id`, `kelas_id`, `siswa_id`, `tahun_pelajaran`, `deleted_at`) VALUES
(434,	119,	396,	'6',	NULL),
(435,	119,	397,	'6',	'2020-07-16 12:44:13'),
(436,	119,	398,	'6',	'2020-07-16 12:58:59'),
(437,	119,	399,	'6',	'2020-07-16 12:44:13'),
(438,	119,	400,	'6',	NULL),
(439,	119,	401,	'6',	'2020-07-16 12:44:13'),
(440,	119,	402,	'6',	'2020-07-16 12:58:59'),
(441,	119,	403,	'6',	'2020-07-16 12:44:13'),
(442,	119,	404,	'6',	'2020-07-16 12:58:59'),
(443,	119,	405,	'6',	NULL),
(444,	119,	406,	'6',	'2020-07-16 12:58:59'),
(445,	119,	407,	'6',	'2020-07-16 12:44:13'),
(446,	119,	408,	'6',	NULL),
(447,	119,	409,	'6',	NULL),
(448,	119,	410,	'6',	'2020-07-16 12:58:59'),
(449,	119,	411,	'6',	NULL),
(450,	119,	412,	'6',	'2020-07-16 12:58:59'),
(451,	119,	413,	'6',	NULL),
(452,	119,	414,	'6',	'2020-07-16 12:58:59'),
(453,	119,	415,	'6',	'2020-07-16 12:44:13'),
(454,	119,	416,	'6',	NULL),
(455,	119,	417,	'6',	NULL),
(456,	119,	418,	'6',	'2020-07-16 12:44:13'),
(457,	119,	419,	'6',	'2020-07-16 12:58:59'),
(458,	119,	420,	'6',	'2020-07-16 12:44:13'),
(459,	119,	421,	'6',	'2020-07-16 12:58:59'),
(460,	119,	422,	'6',	'2020-07-16 12:44:13'),
(461,	119,	423,	'6',	'2020-07-16 12:44:13'),
(462,	119,	424,	'6',	'2020-07-16 12:58:59'),
(463,	119,	425,	'6',	NULL),
(464,	120,	403,	'7',	'2022-03-24 15:28:21'),
(465,	120,	397,	'7',	NULL),
(466,	120,	399,	'7',	NULL),
(467,	120,	415,	'7',	NULL),
(468,	120,	418,	'7',	NULL),
(469,	120,	420,	'7',	NULL),
(470,	120,	422,	'7',	NULL),
(471,	120,	423,	'7',	NULL),
(472,	120,	401,	'7',	NULL),
(473,	120,	407,	'7',	NULL),
(474,	121,	410,	'7',	NULL),
(475,	121,	412,	'7',	NULL),
(476,	121,	414,	'7',	NULL),
(477,	121,	424,	'7',	NULL),
(478,	121,	402,	'7',	NULL),
(479,	121,	404,	'7',	NULL),
(480,	121,	419,	'7',	NULL),
(481,	121,	398,	'7',	NULL),
(482,	121,	406,	'7',	NULL),
(483,	121,	421,	'7',	NULL),
(525,	228,	456,	'6',	NULL),
(526,	212,	457,	'6',	'2021-01-13 16:52:39'),
(527,	212,	458,	'6',	'2021-01-13 16:52:39'),
(528,	212,	459,	'6',	'2021-01-13 16:52:39'),
(529,	212,	460,	'6',	'2021-01-13 16:52:39'),
(530,	212,	461,	'6',	'2021-01-13 16:52:39'),
(531,	212,	462,	'6',	'2021-01-13 16:52:39'),
(532,	212,	463,	'6',	'2021-01-13 16:52:39'),
(533,	212,	464,	'6',	'2022-03-24 15:28:21'),
(534,	212,	465,	'6',	'2021-01-13 16:52:39'),
(535,	212,	466,	'6',	'2021-01-13 16:52:39'),
(536,	212,	467,	'6',	'2021-01-13 16:52:39'),
(537,	212,	468,	'6',	'2021-01-13 16:52:39'),
(538,	212,	469,	'6',	'2021-01-13 16:52:39'),
(539,	212,	470,	'6',	'2021-01-13 16:52:39'),
(540,	212,	471,	'6',	'2021-01-13 16:52:39'),
(541,	212,	472,	'6',	'2021-01-13 16:52:39'),
(542,	212,	473,	'6',	'2021-01-13 16:52:39'),
(543,	212,	474,	'6',	'2021-01-13 16:52:39'),
(544,	212,	475,	'6',	'2021-01-13 16:52:39'),
(545,	212,	476,	'6',	'2021-01-13 16:52:39'),
(546,	212,	477,	'6',	'2021-01-13 16:52:39'),
(547,	212,	478,	'6',	'2021-01-13 16:52:39'),
(548,	212,	479,	'6',	'2021-01-13 16:52:39'),
(549,	212,	480,	'6',	'2021-01-13 16:52:39'),
(550,	212,	481,	'6',	'2021-01-13 16:52:39'),
(551,	212,	482,	'6',	'2021-01-13 16:52:39'),
(552,	212,	483,	'6',	'2021-01-13 16:52:39'),
(553,	212,	484,	'6',	'2021-01-13 16:52:39'),
(554,	212,	485,	'6',	'2021-01-13 16:52:39'),
(555,	212,	486,	'6',	'2021-01-13 16:52:39'),
(556,	217,	464,	'7',	'2022-03-24 15:28:21'),
(557,	217,	458,	'7',	NULL),
(558,	217,	460,	'7',	NULL),
(559,	217,	476,	'7',	NULL),
(560,	217,	479,	'7',	NULL),
(561,	217,	481,	'7',	NULL),
(562,	217,	483,	'7',	NULL),
(563,	217,	484,	'7',	NULL),
(564,	217,	462,	'7',	NULL),
(565,	217,	468,	'7',	NULL),
(566,	236,	487,	'6',	NULL),
(567,	228,	403,	'7',	NULL);

DROP TABLE IF EXISTS `kelurahan`;
CREATE TABLE `kelurahan` (
  `kelurahan_id` int(11) NOT NULL AUTO_INCREMENT,
  `kelurahan_name` varchar(30) NOT NULL,
  `created_at` datetime NOT NULL ON UPDATE CURRENT_TIMESTAMP,
  `updated_at` datetime NOT NULL,
  `deleted_at` datetime DEFAULT NULL,
  PRIMARY KEY (`kelurahan_id`)
) ENGINE=InnoDB DEFAULT CHARSET=latin1;

INSERT INTO `kelurahan` (`kelurahan_id`, `kelurahan_name`, `created_at`, `updated_at`, `deleted_at`) VALUES
(6,	'Gunung',	'2021-08-03 15:50:10',	'2021-08-03 15:50:10',	NULL),
(7,	'Selong',	'2021-08-03 15:49:52',	'2021-08-03 15:49:52',	NULL),
(8,	'Pulo',	'2021-08-03 15:50:20',	'2021-08-03 15:50:20',	NULL),
(9,	'Kramat Pela',	'2021-08-03 15:50:36',	'2021-08-03 15:50:36',	NULL),
(10,	'caturtunggal',	'2020-07-23 15:04:44',	'2020-07-23 08:04:44',	'2020-07-23 08:04:44'),
(11,	'caturtunggal',	'2020-07-24 07:43:37',	'2020-07-24 07:43:37',	'2020-07-24 07:43:37'),
(12,	'Gandaria Utara',	'2021-08-03 15:50:52',	'2021-08-03 15:50:52',	NULL),
(13,	'Cipete Utara',	'2021-08-03 15:51:08',	'2021-08-03 15:51:08',	NULL),
(14,	'Melawai',	'2021-08-03 15:51:24',	'2021-08-03 15:51:24',	NULL),
(15,	'Petogogan',	'2021-08-03 15:51:33',	'2021-08-03 15:51:33',	NULL),
(16,	'Rawa Barat',	'2021-08-03 15:51:49',	'2021-08-03 15:51:49',	NULL),
(17,	'Senayan',	'2022-03-24 15:10:07',	'2022-03-24 15:10:07',	'2022-03-24 15:10:07');

DROP TABLE IF EXISTS `kelurahan_mapping`;
CREATE TABLE `kelurahan_mapping` (
  `kelurahan_mapping_id` int(11) NOT NULL AUTO_INCREMENT,
  `kelurahan_id` int(11) NOT NULL,
  `sekolah_id` int(11) NOT NULL,
  PRIMARY KEY (`kelurahan_mapping_id`)
) ENGINE=InnoDB DEFAULT CHARSET=latin1;

INSERT INTO `kelurahan_mapping` (`kelurahan_mapping_id`, `kelurahan_id`, `sekolah_id`) VALUES
(1,	7,	17),
(2,	7,	21);

DROP TABLE IF EXISTS `kustom_gambar`;
CREATE TABLE `kustom_gambar` (
  `kustom_gambar_id` int(11) NOT NULL AUTO_INCREMENT,
  `nama_paket` varchar(20) NOT NULL,
  `logo_login` varchar(100) NOT NULL,
  `logo_panel` varchar(100) NOT NULL,
  `is_active` tinyint(1) NOT NULL DEFAULT '0',
  PRIMARY KEY (`kustom_gambar_id`)
) ENGINE=InnoDB DEFAULT CHARSET=latin1;

INSERT INTO `kustom_gambar` (`kustom_gambar_id`, `nama_paket`, `logo_login`, `logo_panel`, `is_active`) VALUES
(20,	'Logo Puskesmas 2020',	'upload/image/loginlogo/1595411714_5f180d027605c.png',	'upload/image/panellogo/1595411714_5f180d02be5d1.png',	0),
(30,	'fix panel logo',	'upload/image/loginlogo/1595414197_5f1816b5e5d72.png',	'upload/image/panellogo/1595414198_5f1816b606022.png',	0),
(31,	'tryyy',	'upload/image/loginlogo/1595414239_5f1816df2484b.png',	'upload/image/panellogo/1595414239_5f1816df3861e.png',	0),
(32,	'fix panel logo',	'upload/image/loginlogo/1595418382_5f18270e0250b.png',	'upload/image/panellogo/1595418382_5f18270e8f87c.png',	0),
(33,	'fix panel logo',	'upload/image/loginlogo/1595418538_5f1827aadf14f.png',	'upload/image/panellogo/1595418539_5f1827ab02b6d.png',	0),
(34,	'Logo ukgs 2020 fix',	'upload/image/loginlogo/1595552316_5f1a323cc0ca3.png',	'upload/image/panellogo/1595552316_5f1a323ccd61c.png',	1);

DROP TABLE IF EXISTS `pemeriksaan`;
CREATE TABLE `pemeriksaan` (
  `pemeriksaan_id` int(11) unsigned NOT NULL AUTO_INCREMENT,
  `pemeriksa_id` int(11) NOT NULL,
  `siswa_id` int(11) NOT NULL,
  `jenis_pemeriksaan` int(1) NOT NULL,
  `rujukan` tinyint(4) NOT NULL DEFAULT '0',
  `tahun_ajaran` int(2) NOT NULL,
  `created_at` timestamp NOT NULL ON UPDATE CURRENT_TIMESTAMP,
  `updated_at` timestamp NOT NULL,
  `deleted_at` datetime DEFAULT NULL,
  PRIMARY KEY (`pemeriksaan_id`),
  KEY `sekolah_id` (`pemeriksa_id`)
) ENGINE=InnoDB DEFAULT CHARSET=latin1;

INSERT INTO `pemeriksaan` (`pemeriksaan_id`, `pemeriksa_id`, `siswa_id`, `jenis_pemeriksaan`, `rujukan`, `tahun_ajaran`, `created_at`, `updated_at`, `deleted_at`) VALUES
(6,	1,	410,	1,	0,	7,	'2020-07-16 13:10:57',	'2020-07-16 06:02:40',	NULL),
(7,	1,	410,	2,	0,	7,	'2020-07-16 06:12:12',	'2020-07-16 06:12:12',	NULL),
(8,	1,	410,	5,	0,	7,	'2020-07-16 06:20:33',	'2020-07-16 06:20:33',	NULL),
(9,	1,	413,	1,	1,	6,	'2020-07-23 02:45:45',	'2020-07-23 02:45:45',	NULL),
(10,	1,	396,	1,	1,	6,	'2020-07-23 13:36:26',	'2020-07-23 13:36:26',	NULL),
(12,	1,	400,	1,	0,	6,	'2020-07-23 03:07:11',	'2020-07-23 03:07:11',	NULL),
(19,	1,	416,	1,	0,	6,	'2020-07-23 03:18:51',	'2020-07-23 03:18:51',	NULL),
(21,	1,	417,	1,	0,	6,	'2020-07-24 00:57:46',	'2020-07-24 00:57:46',	NULL),
(22,	1,	409,	1,	0,	6,	'2020-07-23 10:27:11',	'2020-07-23 10:27:11',	NULL),
(23,	1,	396,	2,	0,	6,	'2020-07-23 13:39:17',	'2020-07-23 13:39:17',	NULL),
(24,	1,	400,	2,	1,	6,	'2020-07-23 13:40:21',	'2020-07-23 13:40:21',	NULL),
(26,	1,	409,	2,	0,	6,	'2020-07-23 13:42:52',	'2020-07-23 13:42:52',	NULL),
(28,	1,	413,	2,	0,	6,	'2020-07-23 13:45:10',	'2020-07-23 13:45:10',	NULL),
(29,	1,	416,	2,	0,	6,	'2020-07-23 13:49:32',	'2020-07-23 13:49:32',	NULL),
(30,	1,	417,	2,	0,	6,	'2020-07-23 13:58:50',	'2020-07-23 13:58:50',	NULL),
(31,	1,	408,	2,	0,	6,	'2020-07-23 13:59:35',	'2020-07-23 13:59:35',	NULL),
(32,	1,	396,	5,	1,	6,	'2020-07-23 14:08:28',	'2020-07-23 14:08:28',	NULL),
(33,	1,	400,	5,	0,	6,	'2020-07-23 14:16:02',	'2020-07-23 14:16:02',	NULL),
(34,	1,	409,	5,	0,	6,	'2020-07-23 14:22:28',	'2020-07-23 14:22:28',	NULL),
(35,	1,	413,	5,	0,	6,	'2020-07-23 14:23:28',	'2020-07-23 14:23:28',	NULL),
(36,	1,	416,	5,	0,	6,	'2020-07-23 14:27:34',	'2020-07-23 14:27:34',	NULL),
(37,	1,	417,	5,	1,	6,	'2020-07-23 14:31:08',	'2020-07-23 14:31:08',	NULL),
(38,	1,	405,	5,	1,	6,	'2020-07-23 14:32:13',	'2020-07-23 14:32:13',	'2020-07-23 21:32:13'),
(39,	3,	457,	1,	1,	6,	'2020-07-24 00:50:51',	'2020-07-24 00:50:51',	NULL),
(40,	3,	457,	2,	0,	6,	'2020-07-24 00:51:45',	'2020-07-24 00:51:45',	NULL),
(41,	3,	457,	3,	0,	6,	'2020-07-24 00:52:45',	'2020-07-24 00:52:45',	NULL),
(42,	3,	457,	4,	0,	6,	'2020-07-24 00:53:40',	'2020-07-24 00:53:40',	NULL),
(43,	3,	457,	5,	0,	6,	'2020-07-24 00:55:53',	'2020-07-24 00:55:53',	NULL),
(44,	4,	487,	1,	1,	6,	'2021-08-26 05:06:37',	'2021-08-26 05:06:37',	NULL);

DROP TABLE IF EXISTS `sekolah`;
CREATE TABLE `sekolah` (
  `sekolah_id` int(8) NOT NULL AUTO_INCREMENT,
  `npsn` int(11) NOT NULL,
  `sekolah_name` varchar(50) NOT NULL,
  `sekolah_type` varchar(10) NOT NULL,
  `alamat` varchar(255) NOT NULL,
  `kelurahan` int(11) NOT NULL,
  `kecamatan` varchar(20) NOT NULL,
  `kota_administrasi` varchar(50) NOT NULL,
  `created_at` timestamp NOT NULL ON UPDATE CURRENT_TIMESTAMP,
  `updated_at` timestamp NOT NULL,
  `deleted_at` datetime DEFAULT NULL,
  PRIMARY KEY (`sekolah_id`),
  KEY `kelurahan` (`kelurahan`),
  CONSTRAINT `sekolah_ibfk_1` FOREIGN KEY (`kelurahan`) REFERENCES `kelurahan` (`kelurahan_id`) ON DELETE CASCADE
) ENGINE=InnoDB DEFAULT CHARSET=latin1;

INSERT INTO `sekolah` (`sekolah_id`, `npsn`, `sekolah_name`, `sekolah_type`, `alamat`, `kelurahan`, `kecamatan`, `kota_administrasi`, `created_at`, `updated_at`, `deleted_at`) VALUES
(11,	11109042,	'SD Negeri 9 Cipete Utara',	'SD',	'RT.3/RW.8, North Cipete, Kebayoran Baru, South Jakarta City, Jakarta 12150',	13,	'Kebayoran Baru',	'Cipete',	'2021-08-03 09:21:30',	'2021-08-03 09:21:30',	NULL),
(17,	12001987,	'SMP N 1 Sleman',	'SMP',	'Jl Gedong papak no 23',	7,	'Depok',	'Sleman selatan',	'2020-07-24 00:44:49',	'2020-07-24 00:44:49',	'2020-07-24 07:44:49'),
(18,	11023421,	'SMP N 11  Jakarta',	'SMP',	'Jl. Kerinci VIII Blok E, RT.13/RW.2, Gunung, Kec. Kby. Baru, Kota Jakarta Selatan, Daerah Khusus Ibukota Jakarta 12120',	6,	'Kebayoran Baru',	'Jakarta Selatan',	'2021-08-03 09:34:07',	'2021-08-03 09:34:07',	NULL),
(19,	12300100,	'SMA N 82 Jakarta',	'SMA',	'Jl. Daha 2 No.15A, RT.1/RW.1, Selong, Kec. Kby. Baru, Kota Jakarta Selatan, Daerah Khusus Ibukota Jakarta 12110',	7,	'Kebayoran Baru',	'Jakarta Selatan',	'2021-08-03 09:35:50',	'2021-08-03 09:35:50',	NULL),
(20,	11323421,	'SMP N 9 Jakarta',	'SMP',	'Jl. Bumi No.21, RT.13/RW.2, Gunung, Kebayoran Baru, South Jakarta City, Jakarta 12120',	6,	'Kebayoran Baru',	'Jakarta Selatan',	'2021-08-03 09:32:57',	'2021-08-03 09:32:57',	NULL),
(21,	12313213,	'SD 4 Pagi Selong',	'SD',	'Jl. Daksa 4 No.4, RT.6/RW.2, Selong, Kec. Kby. Baru, Kota Jakarta Selatan, Daerah Khusus Ibukota Jakarta 12120',	7,	'Kebayoran Baru',	'Jakarta Selatan',	'2021-08-11 15:55:43',	'2021-08-11 15:55:43',	NULL);

DROP TABLE IF EXISTS `siswa`;
CREATE TABLE `siswa` (
  `siswa_id` int(11) NOT NULL AUTO_INCREMENT,
  `nama` varchar(50) NOT NULL,
  `nis` varchar(11) NOT NULL,
  `nisn` varchar(20) NOT NULL,
  `jenis_kelamin` varchar(10) NOT NULL,
  `tempat_lahir` varchar(50) NOT NULL,
  `tanggal_lahir` date NOT NULL,
  `usia` int(3) NOT NULL,
  `agama` varchar(20) NOT NULL,
  `nama_orang_tua` varchar(30) NOT NULL,
  `alamat` text NOT NULL,
  `created_at` datetime NOT NULL ON UPDATE CURRENT_TIMESTAMP,
  `updated_at` datetime NOT NULL,
  `deleted_at` datetime DEFAULT NULL,
  PRIMARY KEY (`siswa_id`)
) ENGINE=InnoDB DEFAULT CHARSET=latin1;

INSERT INTO `siswa` (`siswa_id`, `nama`, `nis`, `nisn`, `jenis_kelamin`, `tempat_lahir`, `tanggal_lahir`, `usia`, `agama`, `nama_orang_tua`, `alamat`, `created_at`, `updated_at`, `deleted_at`) VALUES
(396,	'ABDUL MALIK SULAIMAN SAID',	'24467',	'44070402',	'L',	'Magelang',	'2010-05-02',	10,	'islam',	'Eko saputra',	'JL Jendral Sudirman No. 196 A Purwokerto Banyumas',	'2020-07-16 12:42:54',	'2020-07-16 12:42:54',	NULL),
(397,	'ADJI PANGESTU WICAKSONO',	'24216',	'14723771',	'L',	'Banyumas',	'2010-05-07',	10,	'islam',	'yulianto',	'Jl Bandengan Utr 11, Purwokerto Banyumas',	'2020-07-16 12:42:54',	'2020-07-16 12:42:54',	NULL),
(398,	'ANISSYA EKA HENDARYATI',	'24364',	'33078963',	'P',	'Banyumas',	'2010-12-08',	9,	'islam',	'Edi prabowo',	'Jl Lodan Raya 1 Bl CF-CG, Purwokerto Banyumas',	'2020-07-16 12:42:54',	'2020-07-16 12:42:54',	NULL),
(399,	'ARIO JAMESBOND ACHMADSYAH',	'24222',	'34684600',	'L',	'Banyumas',	'2010-07-09',	10,	'islam',	'Jerome Saksa',	'Jl Wijaya VII 1, Cilongok Banyumas',	'2020-07-16 12:42:54',	'2020-07-16 12:42:54',	NULL),
(400,	'ARIQ GUSTAMA PASYA',	'24398',	'39622540',	'L',	'Banyumas',	'2010-01-10',	10,	'islam',	'Muhammad yuda',	'Jl Gn Rahayu 1 A, Baturaden Banyumas',	'2020-07-16 12:42:54',	'2020-07-16 12:42:54',	NULL),
(401,	'ARIQ RADHITAMA ARIASATYA',	'24256',	'41082163',	'L',	'Banyumas',	'2010-01-11',	10,	'islam',	'Rangga Pangestu',	'Jl Raya Kb Jeruk 19 C, Baturaden Banyumas',	'2020-07-16 12:42:54',	'2020-07-16 12:42:54',	NULL),
(402,	'CATHERINE SHARON RIRIS SILABAN',	'24295',	'43018643',	'P',	'Banyumas',	'2010-02-12',	10,	'kongucu',	'Mike antonio',	'Jl Rawajati Tmr I Pav 1, Ajibarang Banyumas',	'2020-07-16 12:42:54',	'2020-07-16 12:42:54',	NULL),
(403,	'CHESYA BINTANG CAROLINE',	'24142',	'43060645',	'P',	'Banyumas',	'2010-03-13',	10,	'hindu',	'Mirana alfanis',	'Jl Jembatan Tiga 36-AD,Cilongok Banyumas',	'2020-07-16 12:42:54',	'2020-07-16 12:42:54',	NULL),
(404,	'CINDY NATASHA LALITA',	'24296',	'43243659',	'P',	'Banyumas',	'2010-03-14',	10,	'islam',	'Sohibul umam',	'Jl Mustafa 16, Cilongok Banyumas',	'2020-07-16 12:42:54',	'2020-07-16 12:42:54',	NULL),
(405,	'CINDY THALIA',	'24472',	'43885208',	'P',	'Banyumas',	'2010-03-15',	10,	'islam',	'Ajir ubaidillah',	'Jl Mustafa 16, Cilongok Banyumas',	'2020-07-16 12:42:54',	'2020-07-16 12:42:54',	NULL),
(406,	'EKIDA REHAN FIRMANSYAH',	'24371',	'44070402',	'L',	'Banyumas',	'2010-03-16',	10,	'islam',	'Febri ahmadi',	'Jl Ngagel Jaya Utr IV 19, Ajibarang Banyumas',	'2020-07-16 12:42:54',	'2020-07-16 12:42:54',	NULL),
(407,	'ERINA NURSYAFITRI',	'24264',	'44946412',	'P',	'Banyumas',	'2010-03-17',	10,	'islam',	'Eko saputra',	'Jl Margasatwa 1, Wangon Banyumas',	'2020-07-16 12:42:54',	'2020-07-16 12:42:54',	NULL),
(408,	'FAISAL RAHMAT NURYANTO',	'24406',	'45721943',	'L',	'Kebumen',	'2010-03-18',	10,	'islam',	'yulianto',	'Jl Jend Sudirman Km 3, Purwokerto Banyumas',	'2020-07-16 12:42:54',	'2020-07-16 12:42:54',	NULL),
(409,	'FAIZAL ABIZAR',	'24475',	'45809091',	'L',	'Banyumas',	'2010-03-19',	10,	'islam',	'Edi prabowo',	'JL Jendral Sudirman No. 196 A Purwokerto Banyumas',	'2020-07-16 12:42:54',	'2020-07-16 12:42:54',	NULL),
(410,	'GLYCERIA ERICHA PUTRI AJIMA',	'24269',	'46025146',	'P',	'Banyumas',	'2010-05-20',	10,	'kristen',	'Jerome Saksa',	'Jl Bandengan Utr 11, Purwokerto Banyumas',	'2020-07-16 12:42:54',	'2020-07-16 12:42:54',	NULL),
(411,	'HANAFA HASNATA',	'24479',	'46486109',	'P',	'Banyumas',	'2010-01-02',	10,	'islam',	'Muhammad yuda',	'Jl Lodan Raya 1 Bl CF-CG, Purwokerto Banyumas',	'2020-07-16 12:42:54',	'2020-07-16 12:42:54',	NULL),
(412,	'JIYI MALIKAH ADILAH',	'24274',	'46635580',	'P',	'Banyumas',	'2010-11-22',	9,	'islam',	'Rangga Pangestu',	'Jl Wijaya VII 1, Cilongok Banyumas',	'2020-07-16 12:42:54',	'2020-07-16 12:42:54',	NULL),
(413,	'JOHANNES FELIX RIMBUN',	'24546',	'46657302',	'L',	'Banyumas',	'2010-12-23',	9,	'kristen',	'Mike antonio',	'Jl Gn Rahayu 1 A, Baturaden Banyumas',	'2020-07-16 12:42:54',	'2020-07-16 12:42:54',	NULL),
(414,	'KARINA CAHYAMENTARI',	'24277',	'47322353',	'P',	'Banyumas',	'2010-12-24',	9,	'islam',	'Mirana alfanis',	'Jl Raya Kb Jeruk 19 C, Baturaden Banyumas',	'2020-07-16 12:42:54',	'2020-07-16 12:42:54',	NULL),
(415,	'MITHA PERMATASARI',	'24233',	'48228719',	'P',	'Banyumas',	'2010-09-01',	9,	'islam',	'Sohibul umam',	'Jl Rawajati Tmr I Pav 1, Ajibarang Banyumas',	'2020-07-16 12:42:54',	'2020-07-16 12:42:54',	NULL),
(416,	'MUHAMMAD ATTARIQ ADITYA',	'24411',	'48269699',	'L',	'Banyumas',	'2010-05-05',	10,	'islam',	'Ajir ubaidillah',	'Jl Jembatan Tiga 36-AD,Cilongok Banyumas',	'2020-07-16 12:42:54',	'2020-07-16 12:42:54',	NULL),
(417,	'MUHAMMAD INDRA NUR PRATAMA',	'24551',	'49328412',	'L',	'Banyumas',	'2010-05-09',	10,	'islam',	'Febri ahmadi',	'Jl Mustafa 16, Cilongok Banyumas',	'2020-07-16 12:42:54',	'2020-07-16 12:42:54',	NULL),
(418,	'MUHAMMAD RAHMANDITO SUSILO',	'24235',	'51444525',	'L',	'Banyumas',	'2010-05-02',	10,	'islam',	'Eko saputra',	'Jl Mustafa 16, Cilongok Banyumas',	'2020-07-16 12:42:54',	'2020-07-16 12:42:54',	NULL),
(419,	'MURFID AUFA RACHMAN',	'24310',	'51501854',	'L',	'Demak',	'2010-05-01',	10,	'islam',	'yulianto',	'Jl Ngagel Jaya Utr IV 19, Ajibarang Banyumas',	'2020-07-16 12:42:54',	'2020-07-16 12:42:54',	NULL),
(420,	'NADIA DEYA EVANIA',	'24239',	'52341643',	'P',	'Banyumas',	'2010-05-02',	10,	'islam',	'Edi prabowo',	'Jl Margasatwa 1, Wangon Banyumas',	'2020-07-16 12:42:54',	'2020-07-16 12:42:54',	NULL),
(421,	'NADILA FILZA RAHMALINA',	'24383',	'52347522',	'P',	'Banyumas',	'2010-05-31',	10,	'islam',	'Jerome Saksa',	'Jl Jend Sudirman Km 3, Purwokerto Banyumas',	'2020-07-16 12:42:54',	'2020-07-16 12:42:54',	NULL),
(422,	'NADYA DINDA SAFIRA',	'24240',	'53247257',	'P',	'Banyumas',	'2010-06-23',	10,	'islam',	'Muhammad yuda',	'JL Jendral Sudirman No. 196 A Purwokerto Banyumas',	'2020-07-16 12:42:54',	'2020-07-16 12:42:54',	NULL),
(423,	'NAUFAL IRSALY ZIKRI',	'24241',	'53626476',	'L',	'Banyumas',	'2010-06-11',	10,	'islam',	'Rangga Pangestu',	'Jl Bandengan Utr 11, Purwokerto Banyumas',	'2020-07-16 12:42:54',	'2020-07-16 12:42:54',	NULL),
(424,	'RAESHAD PARANDANGI',	'24283',	'54871155',	'L',	'Banyumas',	'2010-06-21',	10,	'islam',	'Mike antonio',	'Jl Lodan Raya 1 Bl CF-CG, Purwokerto Banyumas',	'2020-07-16 12:42:54',	'2020-07-16 12:42:54',	NULL),
(425,	'RAHADIAN ALDI NUGROHO',	'24554',	'56090738',	'L',	'Banyumas',	'2010-06-27',	10,	'islam',	'Mirana alfanis',	'Jl Wijaya VII 1, Cilongok Banyumas',	'2020-07-16 12:42:54',	'2020-07-16 12:42:54',	NULL),
(456,	'Anggit Prayoga',	'12749',	'99800122',	'L',	'Yogyakarta',	'2007-07-25',	12,	'Islam',	'Yulianto',	'cilongok',	'2020-07-24 07:46:46',	'2020-07-24 07:46:46',	NULL),
(457,	'ADE BAMBANG FIRMANSYAH',	'24467',	'9966953672',	'L',	'Magelang',	'2008-05-02',	12,	'islam',	'Eko saputra',	'JL Jendral Sudirman No. 196 A Purwokerto Banyumas',	'2020-07-24 07:47:20',	'2020-07-24 07:47:20',	NULL),
(458,	'ADE KURNIA',	'24216',	'9951440612',	'L',	'Banyumas',	'2008-05-07',	12,	'islam',	'yulianto',	'Jl Bandengan Utr 11, Purwokerto Banyumas',	'2020-07-24 07:47:20',	'2020-07-24 07:47:20',	NULL),
(459,	'AFIF MAULANA',	'24364',	'9964622088',	'L',	'Banyumas',	'2008-12-08',	11,	'islam',	'Edi prabowo',	'Jl Lodan Raya 1 Bl CF-CG, Purwokerto Banyumas',	'2020-07-24 07:47:20',	'2020-07-24 07:47:20',	NULL),
(460,	'AFIF RIANA',	'24222',	'9954603170',	'L',	'Banyumas',	'2008-07-09',	12,	'islam',	'Jerome Saksa',	'Jl Wijaya VII 1, Cilongok Banyumas',	'2020-07-24 07:47:20',	'2020-07-24 07:47:20',	NULL),
(461,	'AGUNG NUGRAHA',	'24398',	'9966956054',	'L',	'Banyumas',	'2008-01-10',	12,	'islam',	'Muhammad yuda',	'Jl Gn Rahayu 1 A, Baturaden Banyumas',	'2020-07-24 07:47:20',	'2020-07-24 07:47:20',	NULL),
(462,	'ALAN MAULANA',	'24256',	'9956896341',	'L',	'Banyumas',	'2008-01-11',	12,	'islam',	'Rangga Pangestu',	'Jl Raya Kb Jeruk 19 C, Baturaden Banyumas',	'2020-07-24 07:47:20',	'2020-07-24 07:47:20',	NULL),
(463,	'ANDRIYANSAH',	'24295',	'9966954180',	'L',	'Banyumas',	'2008-02-12',	12,	'kongucu',	'Mike antonio',	'Jl Rawajati Tmr I Pav 1, Ajibarang Banyumas',	'2020-07-24 07:47:20',	'2020-07-24 07:47:20',	NULL),
(464,	'ASEP SAEFUL RIZAL',	'24142',	'9946296579',	'L',	'Banyumas',	'2008-03-13',	12,	'hindu',	'Mirana alfanis',	'Jl Jembatan Tiga 36-AD,Cilongok Banyumas',	'2022-03-24 15:28:21',	'2022-03-24 15:28:21',	'2022-03-24 15:28:21'),
(465,	'ASEP SOMANTRI',	'24296',	'9956894671',	'L',	'Banyumas',	'2008-03-14',	12,	'islam',	'Sohibul umam',	'Jl Mustafa 16, Cilongok Banyumas',	'2020-07-24 07:47:20',	'2020-07-24 07:47:20',	NULL),
(466,	'ATI ISNAWATI',	'24472',	'9976779617',	'P',	'Banyumas',	'2008-03-15',	12,	'islam',	'Ajir ubaidillah',	'Jl Mustafa 16, Cilongok Banyumas',	'2020-07-24 07:47:20',	'2020-07-24 07:47:20',	NULL),
(467,	'DEDE OLAN MAULANI',	'24371',	'9966954731',	'L',	'Banyumas',	'2008-03-16',	12,	'islam',	'Febri ahmadi',	'Jl Ngagel Jaya Utr IV 19, Ajibarang Banyumas',	'2020-07-24 07:47:20',	'2020-07-24 07:47:20',	NULL),
(468,	'DEDI SUPRIYADI',	'24264',	'9964622090',	'L',	'Banyumas',	'2008-03-17',	12,	'islam',	'Eko saputra',	'Jl Margasatwa 1, Wangon Banyumas',	'2020-07-24 07:47:20',	'2020-07-24 07:47:20',	NULL),
(469,	'DIKI SARDINI',	'24406',	'9956430750',	'L',	'Kebumen',	'2008-03-18',	12,	'islam',	'yulianto',	'Jl Jend Sudirman Km 3, Purwokerto Banyumas',	'2020-07-24 07:47:20',	'2020-07-24 07:47:20',	NULL),
(470,	'DONI ABIDIN',	'24475',	'9964622091',	'L',	'Banyumas',	'2008-03-19',	12,	'islam',	'Edi prabowo',	'JL Jendral Sudirman No. 196 A Purwokerto Banyumas',	'2020-07-24 07:47:20',	'2020-07-24 07:47:20',	NULL),
(471,	'DWI MAULANA PUTRA',	'24269',	'9966955076',	'L',	'Banyumas',	'2008-05-20',	12,	'kristen',	'Jerome Saksa',	'Jl Bandengan Utr 11, Purwokerto Banyumas',	'2020-07-24 07:47:20',	'2020-07-24 07:47:20',	NULL),
(472,	'EGI SUGIWA',	'24479',	'9966955082',	'L',	'Banyumas',	'2008-01-02',	12,	'islam',	'Muhammad yuda',	'Jl Lodan Raya 1 Bl CF-CG, Purwokerto Banyumas',	'2020-07-24 07:47:20',	'2020-07-24 07:47:20',	NULL),
(473,	'ELA NURMALA',	'24274',	'9956895061',	'P',	'Banyumas',	'2008-11-22',	11,	'islam',	'Rangga Pangestu',	'Jl Wijaya VII 1, Cilongok Banyumas',	'2020-07-24 07:47:20',	'2020-07-24 07:47:20',	NULL),
(474,	'EMAY SUMARNI',	'24546',	'9951440615',	'P',	'Banyumas',	'2008-12-23',	11,	'kristen',	'Mike antonio',	'Jl Gn Rahayu 1 A, Baturaden Banyumas',	'2020-07-24 07:47:20',	'2020-07-24 07:47:20',	NULL),
(475,	'ENDAH RATNASARI',	'24277',	'9956895754',	'P',	'Banyumas',	'2008-12-24',	11,	'islam',	'Mirana alfanis',	'Jl Raya Kb Jeruk 19 C, Baturaden Banyumas',	'2020-07-24 07:47:20',	'2020-07-24 07:47:20',	NULL),
(476,	'ENDAH WIDIYAWATI',	'24233',	'9966954710',	'P',	'Banyumas',	'2008-09-01',	11,	'islam',	'Sohibul umam',	'Jl Rawajati Tmr I Pav 1, Ajibarang Banyumas',	'2020-07-24 07:47:20',	'2020-07-24 07:47:20',	NULL),
(477,	'ENUR NURJANAH',	'24411',	'9956895743',	'P',	'Banyumas',	'2008-05-05',	12,	'islam',	'Ajir ubaidillah',	'Jl Jembatan Tiga 36-AD,Cilongok Banyumas',	'2020-07-24 07:47:20',	'2020-07-24 07:47:20',	NULL),
(478,	'ERIC ALVIYAN',	'24551',	'9966954709',	'L',	'Banyumas',	'2008-05-09',	12,	'islam',	'Febri ahmadi',	'Jl Mustafa 16, Cilongok Banyumas',	'2020-07-24 07:47:20',	'2020-07-24 07:47:20',	NULL),
(479,	'FAIZAL KURNIA',	'24235',	'9966955081',	'L',	'Banyumas',	'2008-05-02',	12,	'islam',	'Eko saputra',	'Jl Mustafa 16, Cilongok Banyumas',	'2020-07-24 07:47:20',	'2020-07-24 07:47:20',	NULL),
(480,	'FEBRI RELIANSYAH',	'24310',	'9964622086',	'L',	'Demak',	'2008-05-01',	12,	'islam',	'yulianto',	'Jl Ngagel Jaya Utr IV 19, Ajibarang Banyumas',	'2020-07-24 07:47:20',	'2020-07-24 07:47:20',	NULL),
(481,	'FERI AFRIYANTO',	'24239',	'9964622087',	'L',	'Banyumas',	'2008-05-02',	12,	'islam',	'Edi prabowo',	'Jl Margasatwa 1, Wangon Banyumas',	'2020-07-24 07:47:20',	'2020-07-24 07:47:20',	NULL),
(482,	'GILANG TRIO RAMADHAN',	'24383',	'9966954711',	'L',	'Banyumas',	'2008-05-31',	12,	'islam',	'Jerome Saksa',	'Jl Jend Sudirman Km 3, Purwokerto Banyumas',	'2020-07-24 07:47:20',	'2020-07-24 07:47:20',	NULL),
(483,	'GISTIYANAH',	'24240',	'9956895741',	'P',	'Banyumas',	'2008-06-23',	12,	'islam',	'Muhammad yuda',	'JL Jendral Sudirman No. 196 A Purwokerto Banyumas',	'2020-07-24 07:47:20',	'2020-07-24 07:47:20',	NULL),
(484,	'HARI ARDIYANTO',	'24241',	'9966955074',	'L',	'Banyumas',	'2008-06-11',	12,	'islam',	'Rangga Pangestu',	'Jl Bandengan Utr 11, Purwokerto Banyumas',	'2020-07-24 07:47:20',	'2020-07-24 07:47:20',	NULL),
(485,	'HARI LESMANA',	'24283',	'9956897573',	'L',	'Banyumas',	'2008-06-21',	12,	'islam',	'Mike antonio',	'Jl Lodan Raya 1 Bl CF-CG, Purwokerto Banyumas',	'2020-07-24 07:47:20',	'2020-07-24 07:47:20',	NULL),
(486,	'ICIH SUMIYATI',	'24554',	'9954603168',	'P',	'Banyumas',	'2008-06-27',	12,	'islam',	'Mirana alfanis',	'Jl Wijaya VII 1, Cilongok Banyumas',	'2020-07-24 07:47:20',	'2020-07-24 07:47:20',	NULL),
(487,	'Nindy Sari Hutami',	'12749',	'4109882',	'L',	'Banyumas',	'2011-06-08',	10,	'Islam',	'Yulianto',	'Magelang',	'2021-08-26 12:05:25',	'2021-08-26 12:05:25',	NULL);

DROP TABLE IF EXISTS `soal_buta_warna`;
CREATE TABLE `soal_buta_warna` (
  `soal_buta_warna_id` int(11) NOT NULL AUTO_INCREMENT,
  `deskripsi` varchar(100) NOT NULL,
  `image` varchar(50) NOT NULL,
  `jawaban_benar` int(11) NOT NULL,
  `created_at` datetime NOT NULL ON UPDATE CURRENT_TIMESTAMP,
  `updated_at` datetime NOT NULL,
  `deleted_at` datetime DEFAULT NULL,
  PRIMARY KEY (`soal_buta_warna_id`)
) ENGINE=InnoDB DEFAULT CHARSET=latin1;

INSERT INTO `soal_buta_warna` (`soal_buta_warna_id`, `deskripsi`, `image`, `jawaban_benar`, `created_at`, `updated_at`, `deleted_at`) VALUES
(14,	'silahkan masukan angka',	'upload/image/1583307818_5e5f5c2a8b090.png',	1,	'2020-06-25 21:01:38',	'2020-06-25 14:01:38',	'2020-06-25 14:01:38'),
(15,	'masukan angka yang tertera pada gambar',	'upload/image/1583326767_5e5fa62f85110.png',	2,	'2020-06-25 21:01:33',	'2020-06-25 14:01:33',	'2020-06-25 14:01:33'),
(16,	'masukan angka yang tertera pada gambar',	'upload/image/1583326930_5e5fa6d2e1241.png',	3,	'2020-06-25 21:01:28',	'2020-06-25 14:01:28',	'2020-06-25 14:01:28'),
(17,	'Silahkan tulis angka yang ada pada gambar',	'upload/image/1590897726_5ed32c3e14121.png',	7,	'2020-06-25 21:01:23',	'2020-06-25 14:01:23',	'2020-06-25 14:01:23'),
(18,	'tuliskan nilai gambar yang ada di soal',	'upload/image/1592363129_5ee98879f3065.png',	7,	'2020-06-25 21:01:18',	'2020-06-25 14:01:18',	'2020-06-25 14:01:18'),
(19,	'Masukan angka yang tertera pada soal berikut',	'upload/image/1593094648_5ef4b1f8eb6b1.png',	8,	'2020-06-25 21:18:24',	'2020-06-25 14:18:24',	'2020-06-25 14:18:24'),
(20,	'SIlahkan masukan apa yang anda lihat pada soal berikut',	'upload/image/1593094760_5ef4b2689aebc.png',	8,	'2020-06-25 21:20:32',	'2020-06-25 14:20:32',	'2020-06-25 14:20:32'),
(21,	'MAsukan angka yang anda lihat pada gambar diatas',	'upload/image/1593094891_5ef4b2eb70276.png',	8,	'2020-06-25 21:22:01',	'2020-06-25 14:22:01',	'2020-06-25 14:22:01'),
(22,	'Silahkan masukan jawaban anda',	'upload/image/1593094955_5ef4b32b30382.png',	8,	'2020-06-25 21:25:38',	'2020-06-25 14:25:38',	'2020-06-25 14:25:38'),
(23,	'Masukan jawaban yang sesaui',	'upload/image/1593095168_5ef4b400ab806.png',	8,	'2020-06-25 21:26:52',	'2020-06-25 14:26:52',	'2020-06-25 14:26:52'),
(24,	'Silahkan masukan angka yang tertera pada gambar',	'upload/image/1593095243_5ef4b44bb946b.png',	8,	'2020-06-25 21:29:05',	'2020-06-25 14:29:05',	'2020-06-25 14:29:05'),
(25,	'silahkan masukan angka',	'upload/image/1593095369_5ef4b4c975eb7.png',	8,	'2020-06-25 21:34:33',	'2020-06-25 14:34:33',	'2020-06-25 14:34:33'),
(26,	'Silahkan isi sesuai dengan yang anda lihat pada layar',	'upload/image/1593095725_5ef4b62d085d5.png',	8,	'2020-06-25 21:41:08',	'2020-06-25 14:41:08',	'2020-06-25 14:41:08'),
(27,	'Silahkan masukan angka yang ada pada soal',	'upload/image/1593096170_5ef4b7ea13fa4.png',	12,	'2020-06-25 21:53:24',	'2020-06-25 14:53:24',	'2020-06-25 14:53:24'),
(28,	'MAsukan nilai yang tertera pada gambar',	'upload/image/1593096907_5ef4bacb434d0.png',	8,	'2020-06-25 14:55:07',	'2020-06-25 14:55:07',	NULL),
(29,	'Silahkan masukan angka yang anda lihat',	'upload/image/1593099517_5ef4c4fd270e8.png',	6,	'2020-06-25 15:38:37',	'2020-06-25 15:38:37',	NULL),
(30,	'Berapakah angka yang anda lihat pada gambar diatas',	'upload/image/1593099648_5ef4c580ce46f.jpg',	15,	'2020-06-25 15:40:48',	'2020-06-25 15:40:48',	NULL),
(31,	'Berapakah angka yang anda lihat pada gambar diatas',	'upload/image/1593099691_5ef4c5ab65cd3.jpg',	35,	'2020-06-25 15:41:31',	'2020-06-25 15:41:31',	NULL),
(32,	'Berapakah angka yang anda lihat pada gambar diatas',	'upload/image/1593099716_5ef4c5c480bf7.jpg',	74,	'2020-06-25 15:41:56',	'2020-06-25 15:41:56',	NULL),
(33,	'Berapakah angka yang anda lihat pada gambar diatas',	'upload/image/1593099754_5ef4c5ea851fe.jpg',	73,	'2020-06-25 15:42:34',	'2020-06-25 15:42:34',	NULL),
(34,	'Berapakah angka yang anda lihat pada gambar diatas',	'upload/image/1593099796_5ef4c614a5c2d.jpg',	26,	'2020-06-25 15:43:16',	'2020-06-25 15:43:16',	NULL),
(35,	'Berapakah angka yang anda lihat pada gambar diatas',	'upload/image/1593099830_5ef4c636218e7.png',	3,	'2020-06-25 15:43:50',	'2020-06-25 15:43:50',	NULL),
(36,	'Berapakah angka yang anda lihat pada gambar diatas',	'upload/image/1593099857_5ef4c65172fc0.png',	29,	'2020-06-25 15:44:17',	'2020-06-25 15:44:17',	NULL),
(37,	'Berapakah angka yang anda lihat pada gambar diatas',	'upload/image/1593099906_5ef4c682d5d5c.jpg',	96,	'2020-06-25 15:45:06',	'2020-06-25 15:45:06',	NULL),
(38,	'Silahkan masukan jawaban anda',	'upload/image/1593670108_5efd79dc579dc.jpg',	42,	'2020-07-02 14:03:18',	'2020-07-02 07:03:18',	'2020-07-02 07:03:18'),
(39,	'Angka berapakah yang tertera dalam gambar',	'upload/image/1595513017_5f1998b91dc9b.png',	12,	'2020-07-23 21:03:37',	'2020-07-23 21:03:37',	NULL),
(40,	'Angka berapakah yang tertera dalam gambar',	'upload/image/1595512974_5f19988e8b7b8.png',	45,	'2020-07-23 21:03:06',	'2020-07-23 21:03:06',	'2020-07-23 21:03:06'),
(41,	'Angka berapakah yang tertera dalam gambar',	'upload/image/1595512975_5f19988f8dbc6.png',	45,	'2020-07-23 21:03:02',	'2020-07-23 21:03:02',	'2020-07-23 21:03:02'),
(42,	'Berapakah angka yang terdapt dalam gambar ?',	'upload/image/1595552081_5f1a31519f114.jpg',	57,	'2020-07-24 07:54:41',	'2020-07-24 07:54:41',	NULL);

DROP TABLE IF EXISTS `tahun_ajaran`;
CREATE TABLE `tahun_ajaran` (
  `tahun_ajaran_id` int(11) NOT NULL AUTO_INCREMENT,
  `tahun_ajaran` varchar(10) NOT NULL,
  `is_active` tinyint(4) NOT NULL DEFAULT '0',
  PRIMARY KEY (`tahun_ajaran_id`)
) ENGINE=InnoDB DEFAULT CHARSET=latin1;

INSERT INTO `tahun_ajaran` (`tahun_ajaran_id`, `tahun_ajaran`, `is_active`) VALUES
(6,	'2020/2021',	0),
(7,	'2021/2022',	1),
(8,	'2022/2023',	0);

DROP TABLE IF EXISTS `users`;
CREATE TABLE `users` (
  `id` int(11) NOT NULL AUTO_INCREMENT,
  `name` varchar(50) NOT NULL,
  `email` varchar(50) DEFAULT NULL,
  `username` varchar(20) DEFAULT NULL,
  `password` varchar(100) NOT NULL,
  `no_hp` varchar(20) DEFAULT NULL,
  `alamat` text,
  `status` tinyint(1) NOT NULL DEFAULT '0',
  `remember_token` varchar(100) DEFAULT NULL,
  `created_at` timestamp NOT NULL ON UPDATE CURRENT_TIMESTAMP,
  `updated_at` timestamp NOT NULL,
  `deleted_at` timestamp NULL DEFAULT NULL,
  PRIMARY KEY (`id`)
) ENGINE=InnoDB DEFAULT CHARSET=latin1;

INSERT INTO `users` (`id`, `name`, `email`, `username`, `password`, `no_hp`, `alamat`, `status`, `remember_token`, `created_at`, `updated_at`, `deleted_at`) VALUES
(2,	'Admin',	'info@ukgs.com',	'admin',	'$2a$12$ZKLN3tDmt14uR9.PuvN8F.GrSAyHQ5W3dYeN4mA.lHPgDulvsn0Pe',	'0895388969275',	'pageraji',	1,	'QErpZib5k35ZwDWKqth6sL4Y2oHnKiYE4qEa7bWcps5wEaG5bzSVCdIJwlKO',	'2022-04-15 03:49:54',	'2022-03-24 08:35:12',	NULL);

-- 2022-04-15 03:50:19
